ts,frame_id,detected,confidence,state,captured,capture_id,reason,detect_ms,vlm_ms
1791171345074,,,,idle,False,,dropped,,
1791171346090,,,,idle,False,,dropped,,
1791171346934,,True,0.83,idle,False,,edge,2851,
1791171347147,,True,0.85,tracking,False,,tracking_start,71,
1791171348129,,True,0.843,tracking,False,,edge,51,
1791171349160,,True,0.814,tracking,False,,edge,77,
1791171350145,,True,0.834,tracking,False,,edge,60,
1791171351168,,True,0.87,tracking,False,,edge,81,
1791171352152,,True,0.875,tracking,False,,edge,63,
1791171353137,,True,0.873,tracking,False,,unstable,51,
1791171354144,,True,0.859,tracking,False,,edge,53,
1791171355136,,True,0.869,tracking,False,,edge,51,
1791171356153,,True,0.859,tracking,False,,unstable,64,
1791171357139,,True,0.87,tracking,False,,edge,54,
1791171358169,,True,0.874,tracking,False,,edge,75,
1791171359154,,True,0.847,tracking,False,,edge,67,
1791171360007,,,,tracking,False,,dropped,,
1791171360076,,True,0.885,tracking,False,,edge,76,
1791171360218,,True,0.891,tracking,False,,edge,46,
1791171360486,,True,0.89,tracking,False,,edge,55,
1791171360819,,True,0.886,tracking,False,,unstable,73,
1791171361090,,True,0.907,tracking,False,,edge,52,
1791171361402,,True,0.883,tracking,False,,edge,69,
1791171361684,,True,0.873,tracking,False,,unstable,54,
1791171362008,,True,0.868,tracking,False,,waiting_stable,64,
1791171362299,,True,0.805,tracking,False,,waiting_stable,60,
1791171362659,,True,0.79,tracking,False,,edge,113,
1791171362911,,True,0.823,tracking,False,,unstable,73,
1791171363240,,False,,tracking,False,,no_car,105,
1791171363510,,False,,tracking,False,,no_car,73,
1791171363827,,False,,tracking,False,,no_car,102,
1791171364086,,False,,tracking,False,,no_car,58,
1791171364438,,False,,tracking,False,,no_car,101,
1791171364694,,False,,tracking,False,,no_car,58,
1791171364994,,False,,tracking,False,,no_car,69,
1791171365338,,True,0.793,tracking,False,,edge,107,
1791171365591,,False,,tracking,False,,no_car,57,
1791171365960,,False,,idle,False,,no_car,116,
1791171366246,,False,,idle,False,,no_car,121,
1791171366535,,False,,idle,False,,no_car,107,
1791171366871,,False,,idle,False,,no_car,133,
1791171367131,,False,,idle,False,,no_car,94,
1791171367376,,False,,idle,False,,no_car,52,
1791171367742,,False,,idle,False,,no_car,107,
1791171367990,,False,,idle,False,,no_car,56,
1791171368357,,False,,idle,False,,no_car,110,
1791171368577,,False,,idle,False,,no_car,52,
1791171368929,,False,,idle,False,,no_car,100,
1791171369200,,False,,idle,False,,no_car,66,
1791171369547,,False,,idle,False,,no_car,109,
1791171369787,,False,,idle,False,,no_car,62,
1791171370165,,False,,idle,False,,no_car,130,
1791171370415,,False,,idle,False,,no_car,76,
1791171370742,,False,,idle,False,,no_car,103,
1791171370977,,False,,idle,False,,no_car,51,
1791171371349,,False,,idle,False,,no_car,110,
1791171371586,,True,0.78,idle,False,,edge,52,
1791171371961,,False,,idle,False,,no_car,116,
1791171372250,,False,,idle,False,,no_car,113,
1791171372478,,False,,idle,False,,no_car,50,
1791171372858,,False,,idle,False,,no_car,115,
1791171373089,,False,,idle,False,,no_car,53,
1791171373436,,True,0.785,idle,False,,edge,109,
1791171373682,,False,,idle,False,,no_car,54,
1791171374051,,True,0.767,idle,False,,edge,107,
1791171374325,,False,,idle,False,,no_car,84,
1791171374576,,False,,idle,False,,no_car,51,
1791171374895,,True,0.796,tracking,False,,tracking_start,56,
1791171375249,,True,0.764,tracking,False,,unstable,114,
1791171375512,,False,,tracking,False,,no_car,74,
1791171375826,,False,,tracking,False,,no_car,100,
1791171376087,,False,,tracking,False,,no_car,57,
1791171376437,,False,,tracking,False,,no_car,102,
1791171376758,,False,,tracking,False,,no_car,120,
1791171376981,,True,0.812,tracking,False,,edge,53,
1791171377343,,False,,tracking,False,,no_car,106,
1791171377585,,False,,tracking,False,,no_car,51,
1791171377949,,False,,tracking,False,,no_car,109,
1791171378205,,True,0.832,idle,False,,edge,80,
1791171378543,,True,0.824,idle,False,,edge,111,
1791171378853,,True,0.794,idle,False,,edge,118,
1791171379087,,True,0.801,idle,False,,edge,51,
1791171379445,,True,0.817,idle,False,,edge,115,
1791171379744,,True,0.818,idle,False,,edge,110,
1791171379990,,True,0.766,idle,False,,edge,56,
1791171380339,,True,0.806,idle,False,,edge,101,
1791171380575,,True,0.75,idle,False,,edge,51,
1791171380950,,True,0.777,idle,False,,edge,111,
1791171381246,,True,0.803,idle,False,,edge,111,
1791171381495,,False,,idle,False,,no_car,59,
1791171381846,,False,,idle,False,,no_car,118,
1791171382079,,False,,idle,False,,no_car,50,
1791171382455,,True,0.815,idle,False,,edge,114,
1791171382730,,False,,idle,False,,no_car,94,
1791171382976,,False,,idle,False,,no_car,51,
1791171383357,,False,,idle,False,,no_car,113,
1791171383583,,False,,idle,False,,no_car,50,
1791171383957,,False,,idle,False,,no_car,114,
1791171384175,,False,,idle,False,,no_car,50,
1791171384555,,False,,idle,False,,no_car,117,
1791171384903,,True,0.773,idle,False,,edge,167,
1791171385090,,False,,idle,False,,no_car,54,
1791171385438,,True,0.893,idle,False,,edge,111,
1791171385680,,True,0.757,idle,False,,edge,51,
1791171386054,,False,,idle,False,,no_car,110,
1791171386361,,False,,idle,False,,no_car,118,
1791171386574,,False,,idle,False,,no_car,49,
1791171386911,,True,0.763,idle,False,,edge,55,
1791171387287,,True,0.863,idle,False,,edge,149,
1791171387562,,True,0.862,tracking,False,,tracking_start,137,
1791171387854,,False,,tracking,False,,no_car,126,
1791171388080,,False,,tracking,False,,no_car,50,
1791171388456,,True,0.781,tracking,False,,edge,117,
1791171388686,,True,0.868,tracking,False,,edge,50,
1791171389050,,True,0.892,tracking,False,,edge,114,
1791171389367,,True,0.912,tracking,False,,edge,132,
1791171389679,,False,,tracking,False,,no_car,121,
1791171389926,,True,0.898,tracking,False,,edge,88,
1791171390176,,False,,tracking,False,,no_car,51,
1791171390545,,False,,idle,False,,no_car,110,
1791171390849,,False,,idle,False,,no_car,114,
1791171391178,,False,,idle,False,,no_car,142,
1791171391476,,False,,idle,False,,no_car,146,
1791171391686,,False,,idle,False,,no_car,56,
1791171392058,,True,0.912,idle,False,,edge,114,
1791171392352,,True,0.891,idle,False,,edge,116,
1791171392648,,True,0.886,idle,False,,edge,115,
1791171392939,,False,,idle,False,,no_car,109,
1791171393185,,True,0.892,idle,False,,edge,50,
1791171393563,,True,0.905,idle,False,,edge,120,
1791171393871,,True,0.909,idle,False,,edge,121,
1791171394085,,True,0.906,idle,False,,edge,52,
1791171394462,,True,0.91,idle,False,,edge,121,
1791171394723,,True,0.907,idle,False,,edge,86,
1791171394978,,True,0.912,idle,False,,edge,51,
1791171395369,,True,0.913,idle,False,,edge,132,
1791171395597,,True,0.917,idle,False,,edge,71,
1791171395956,,True,0.943,idle,False,,edge,116,
1791171396216,,False,,idle,False,,no_car,83,
1791171396528,,False,,idle,False,,no_car,98,
1791171396810,,False,,idle,False,,no_car,75,
1791171397143,,False,,idle,False,,no_car,105,
1791171397387,,False,,idle,False,,no_car,59,
1791171397699,,False,,idle,False,,no_car,62,
1791171398055,,False,,idle,False,,no_car,114,
1791171398347,,False,,idle,False,,no_car,112,
1791171398582,,True,0.949,idle,False,,edge,50,
1791171398958,,True,0.931,idle,False,,edge,117,
1791171399184,,True,0.908,idle,False,,edge,51,
1791171399566,,True,0.944,idle,False,,edge,126,
1791171399812,,True,0.938,idle,False,,edge,86,
1791171400117,,True,0.943,idle,False,,edge,87,
1791171400431,,True,0.949,idle,False,,edge,93,
1791171400689,,True,0.91,idle,False,,edge,53,
1791171401046,,True,0.781,idle,False,,edge,117,
1791171401330,,True,0.861,tracking,False,,tracking_start,96,
1791171401590,,False,,tracking,False,,no_car,54,
1791171401961,,False,,tracking,False,,no_car,118,
1791171402237,,False,,tracking,False,,no_car,112,
1791171402499,,True,0.815,tracking,False,,unstable,67,
1791171402851,,True,0.852,tracking,False,,unstable,113,
1791171403086,,True,0.797,tracking,False,,waiting_stable,51,
1791171403444,,True,0.813,tracking,False,,waiting_stable,116,
1791171403683,,True,0.862,tracking,False,,waiting_stable,50,
1791171404041,,True,0.851,analyzing,True,1,captured,56,
1791171404376,,True,0.871,analyzing,False,,analyzing,118,
1791171404583,,True,0.835,analyzing,False,,analyzing,51,
1791171404949,,True,0.84,analyzing,False,,analyzing,112,
1791171405214,,False,,analyzing,False,,analyzing,80,
1791171405570,,True,0.757,analyzing,False,,analyzing,129,
1791171405780,,False,,analyzing,False,,analyzing,55,
1791171406101,,,,analyzing,,1,vlm_done,,2081
1791171406161,,True,0.83,locked,False,,locked,125,
1791171406413,,True,0.848,locked,False,,locked,77,
1791171406725,,True,0.818,locked,False,,locked,88,
1791171407027,,True,0.814,locked,False,,locked,95,
1791171407287,,True,0.821,locked,False,,locked,56,
1791171407639,,True,0.81,locked,False,,locked,102,
1791171407931,,True,0.817,locked,False,,locked,95,
1791171408176,,True,0.808,locked,False,,locked,51,
1791171408531,,True,0.807,locked,False,,locked,98,
1791171408884,,True,0.811,locked,False,,locked,150,
1791171409141,,True,0.808,locked,False,,locked,116,
1791171409460,,True,0.818,locked,False,,locked,134,
1791171409681,,True,0.805,locked,False,,locked,51,
1791171410050,,True,0.82,locked,False,,locked,112,
1791171410288,,False,,locked,False,,locked,51,
1791171410636,,False,,locked,False,,locked,107,
1791171410946,,False,,locked,False,,locked,117,
1791171411184,,False,,locked,False,,locked,50,
1791171411555,,True,0.777,locked,False,,locked,116,
1791171411827,,False,,locked,False,,locked,100,
1791171412086,,False,,locked,False,,locked,57,
1791171412454,,False,,locked,False,,locked,112,
1791171412707,,False,,locked,False,,locked,69,
1791171413006,,False,,idle,False,,locked,80,
1791171413350,,False,,idle,False,,no_car,119,
1791171413612,,False,,idle,False,,no_car,79,
1791171413985,,False,,idle,False,,no_car,150,
1791171414213,,False,,idle,False,,no_car,80,
1791171414546,,False,,idle,False,,no_car,118,
1791171414862,,False,,idle,False,,no_car,124,
1791171415075,,False,,idle,False,,no_car,51,
1791171415442,,False,,idle,False,,no_car,110,
1791171415739,,False,,idle,False,,no_car,107,
1791171416040,,False,,idle,False,,no_car,108,
1791171416318,,False,,idle,False,,no_car,68,
1791171416612,,False,,idle,False,,no_car,84,
1791171416920,,False,,idle,False,,no_car,90,
1791171417242,,False,,idle,False,,no_car,93,
1791171417560,,False,,idle,False,,no_car,128,
1791171417778,,False,,idle,False,,no_car,53,
1791171418140,,False,,idle,False,,no_car,104,
1791171418382,,False,,idle,False,,no_car,50,
1791171418698,,False,,idle,False,,no_car,54,
1791171419029,,False,,idle,False,,no_car,101,
1791171419284,,False,,idle,False,,no_car,55,
1791171419637,,False,,idle,False,,no_car,100,
1791171419888,,False,,idle,False,,no_car,54,
1791171420239,,False,,idle,False,,no_car,111,
1791171420521,,False,,idle,False,,no_car,91,
1791171420817,,False,,idle,False,,no_car,83,
1791171421113,,False,,idle,False,,no_car,78,
1791171421407,,False,,idle,False,,no_car,82,
1791171421746,,False,,idle,False,,no_car,115,
1791171421985,,False,,idle,False,,no_car,51,
1791171422350,,False,,idle,False,,no_car,108,
1791171422583,,False,,idle,False,,no_car,58,
1791171422941,,False,,idle,False,,no_car,103,
1791171423220,,False,,idle,False,,no_car,87,
1791171423509,,False,,idle,False,,no_car,71,
1791171423812,,False,,idle,False,,no_car,85,
1791171424097,,False,,idle,False,,no_car,68,
1791171424438,,False,,idle,False,,no_car,102,
1791171424692,,False,,idle,False,,no_car,58,
1791171425038,,False,,idle,False,,no_car,109,
1791171425282,,False,,idle,False,,no_car,52,
1791171425656,,True,0.754,idle,False,,edge,114,
1791171425928,,False,,idle,False,,no_car,94,
1791171426204,,False,,idle,False,,no_car,76,
1791171426553,,False,,idle,False,,no_car,122,
1791171426791,,False,,idle,False,,no_car,57,
1791171427141,,False,,idle,False,,no_car,100,
1791171427380,,False,,idle,False,,no_car,55,
1791171427744,,False,,idle,False,,no_car,106,
1791171427987,,False,,idle,False,,no_car,53,
1791171428352,,False,,idle,False,,no_car,109,
1791171428617,,False,,idle,False,,no_car,91,
1791171428923,,False,,idle,False,,no_car,92,
1791171429219,,False,,idle,False,,no_car,87,
1791171429527,,False,,idle,False,,no_car,93,
1791171429780,,False,,idle,False,,no_car,55,
1791171430134,,False,,idle,False,,no_car,101,
1791171430385,,False,,idle,False,,no_car,52,
1791171430750,,False,,idle,False,,no_car,109,
1791171430983,,False,,idle,False,,no_car,56,
1791171431299,,False,,idle,False,,no_car,58,
1791171431633,,False,,idle,False,,no_car,97,
1791171431917,,False,,idle,False,,no_car,82,
1791171432211,,False,,idle,False,,no_car,86,
1791171432522,,False,,idle,False,,no_car,91,
1791171432827,,False,,idle,False,,no_car,93,
1791171433107,,False,,idle,False,,no_car,72,
1791171433429,,False,,idle,False,,no_car,102,
1791171433681,,False,,idle,False,,no_car,50,
1791171434043,,False,,idle,False,,no_car,103,
1791171434380,,False,,idle,False,,no_car,135,
1791171434652,,False,,idle,False,,no_car,126,
1791171434917,,False,,idle,False,,no_car,84,
1791171435207,,False,,idle,False,,no_car,76,
1791171435537,,False,,idle,False,,no_car,100,
1791171435819,,False,,idle,False,,no_car,85,
1791171436160,,False,,idle,False,,no_car,101,
1791171436386,,False,,idle,False,,no_car,53,
1791171436755,,False,,idle,False,,no_car,113,
1791171437006,,False,,idle,False,,no_car,73,
1791171437305,,False,,idle,False,,no_car,80,
1791171437663,,False,,idle,False,,no_car,110,
1791171437961,,False,,idle,False,,no_car,111,
1791171438220,,False,,idle,False,,no_car,90,
1791171438573,,False,,idle,False,,no_car,137,
1791171438791,,False,,idle,False,,no_car,57,
1791171439162,,False,,idle,False,,no_car,121,
1791171439376,,False,,idle,False,,no_car,51,
1791171439747,,False,,idle,False,,no_car,110,
1791171439985,,False,,idle,False,,no_car,50,
1791171440352,,False,,idle,False,,no_car,111,
1791171440651,,False,,idle,False,,no_car,118,
1791171440887,,False,,idle,False,,no_car,55,
1791171441251,,False,,idle,False,,no_car,109,
1791171441484,,False,,idle,False,,no_car,53,
1791171441839,,False,,idle,False,,no_car,104,
1791171442095,,False,,idle,False,,no_car,68,
1791171442437,,False,,idle,False,,no_car,102,
1791171442678,,False,,idle,False,,no_car,53,
1791171443047,,False,,idle,False,,no_car,111,
1791171443320,,False,,idle,False,,no_car,95,
1791171443645,,False,,idle,False,,no_car,110,
1791171443989,,False,,idle,False,,no_car,150,
1791171444240,,False,,idle,False,,no_car,114,
1791171444482,,False,,idle,False,,no_car,52,
1791171444856,,False,,idle,False,,no_car,112,
1791171445327,,,,idle,False,,dropped,,
1791171445376,,False,,idle,False,,no_car,342,
1791171445704,,False,,idle,False,,no_car,62,
1791171446034,,False,,idle,False,,no_car,101,
1791171446286,,False,,idle,False,,no_car,53,
1791171446627,,False,,idle,False,,no_car,99,
1791171446886,,False,,idle,False,,no_car,55,
1791171447246,,False,,idle,False,,no_car,107,
1791171447511,,False,,idle,False,,no_car,79,
1791171447815,,False,,idle,False,,no_car,89,
1791171448137,,False,,idle,False,,no_car,106,
1791171456479,,False,,idle,False,,no_car,58,
1791171456835,,False,,idle,False,,no_car,115,
1791171457114,,False,,idle,False,,no_car,96,
1791171457393,,False,,idle,False,,no_car,76,
1791171457726,,False,,idle,False,,no_car,109,
1791171457967,,False,,idle,False,,no_car,51,
1791171458330,,False,,idle,False,,no_car,110,
1791171458573,,False,,idle,False,,no_car,61,
1791171458938,,False,,idle,False,,no_car,119,
1791171459212,,False,,idle,False,,no_car,90,
1791171459503,,False,,idle,False,,no_car,85,
1791171459774,,False,,idle,False,,no_car,63,
1791171460149,,False,,idle,False,,no_car,130,
1791171460367,,False,,idle,False,,no_car,51,
1791171460734,,False,,idle,False,,no_car,114,
1791171460962,,False,,idle,False,,no_car,51,
1791171461314,,False,,idle,False,,no_car,86,
1791171461609,,False,,idle,False,,no_car,93,
1791171461868,,True,0.863,tracking,False,,tracking_start,54,
1791171462227,,True,0.903,tracking,False,,unstable,112,
1791171462534,,True,0.929,tracking,False,,waiting_stable,118,
1791171462836,,True,0.904,tracking,False,,waiting_stable,119,
1791171463132,,True,0.903,tracking,False,,waiting_stable,116,
1791171463368,,True,0.908,analyzing,True,2,captured,50,
1791171463682,,True,0.915,analyzing,False,,analyzing,62,
1791171464026,,True,0.926,analyzing,False,,analyzing,108,
1791171464290,,True,0.927,analyzing,False,,analyzing,78,
1791171464617,,True,0.922,analyzing,False,,analyzing,104,
1791171464865,,True,0.922,analyzing,False,,analyzing,51,
1791171465248,,True,0.925,analyzing,False,,analyzing,122,
1791171465494,,True,0.917,analyzing,False,,analyzing,87,
1791171465543,,,,analyzing,,2,vlm_done,,2173
1791171465817,,True,0.913,locked,False,,locked,104,
1791171466103,,True,0.913,locked,False,,locked,87,
1791171466395,,True,0.918,locked,False,,locked,79,
1791171466699,,True,0.921,locked,False,,locked,84,
1791171466969,,True,0.918,locked,False,,locked,58,
1791171467330,,True,0.913,locked,False,,locked,110,
1791171467575,,True,0.915,locked,False,,locked,59,
1791171467920,,True,0.913,locked,False,,locked,103,
1791171468286,,True,0.928,locked,False,,locked,167,
1791171468530,,False,,locked,False,,locked,114,
1791171468834,,False,,locked,False,,locked,115,
1791171469066,,False,,locked,False,,locked,52,
1791171469416,,False,,locked,False,,locked,103,
1791171469698,,False,,locked,False,,locked,82,
1791171470017,,False,,locked,False,,locked,102,
1791171470264,,False,,locked,False,,locked,51,
1791171470636,,False,,locked,False,,locked,119,
1791171470927,,False,,locked,False,,locked,112,
1791171471233,,False,,idle,False,,locked,109,
1791171471524,,False,,idle,False,,no_car,91,
1791171471806,,False,,idle,False,,no_car,74,
1791171472096,,False,,idle,False,,no_car,83,
1791171472441,,False,,idle,False,,no_car,128,
1791171472665,,False,,idle,False,,no_car,51,
1791171473015,,False,,idle,False,,no_car,106,
1791171473335,,False,,idle,False,,no_car,117,
1791171473626,,False,,idle,False,,no_car,109,
1791171473920,,False,,idle,False,,no_car,106,
1791171474226,,False,,idle,False,,no_car,109,
1791171474554,,False,,idle,False,,no_car,148,
1791171474824,,False,,idle,False,,no_car,110,
1791171475108,,False,,idle,False,,no_car,93,
1791171475409,,False,,idle,False,,no_car,94,
1791171475704,,False,,idle,False,,no_car,86,
1791171476061,,False,,idle,False,,no_car,144,
1791171476406,,False,,idle,False,,no_car,188,
1791171476597,,False,,idle,False,,no_car,83,
1791171476907,,False,,idle,False,,no_car,91,
1791171477177,,False,,idle,False,,no_car,61,
1791171477530,,False,,idle,False,,no_car,114,
1791171477765,,False,,idle,False,,no_car,53,
1791171478134,,False,,idle,False,,no_car,115,
1791171478440,,False,,idle,False,,no_car,114,
1791171478703,,False,,idle,False,,no_car,89,
1791171479001,,False,,idle,False,,no_car,88,
1791171479333,,False,,idle,False,,no_car,104,
1791171479642,,False,,idle,False,,no_car,127,
1791171479909,,True,0.918,tracking,False,,tracking_start,90,
1791171480227,,False,,tracking,False,,no_car,115,
1791171480526,,False,,tracking,False,,no_car,111,
1791171480791,,False,,tracking,False,,no_car,75,
1791171481120,,False,,tracking,False,,no_car,104,
1791171481422,,False,,tracking,False,,no_car,110,
1791171481728,,True,0.799,tracking,False,,unstable,114,
1791171481968,,False,,tracking,False,,no_car,51,
1791171482333,,False,,tracking,False,,no_car,113,
1791171482564,,False,,tracking,False,,no_car,53,
1791171482933,,False,,tracking,False,,no_car,112,
1791171483206,,False,,tracking,False,,no_car,91,
1791171483490,,False,,tracking,False,,no_car,76,
1791171483804,,False,,tracking,False,,no_car,92,
1791171484101,,False,,tracking,False,,no_car,86,
1791171484442,,False,,tracking,False,,no_car,125,
1791171484777,,False,,idle,False,,no_car,160,
1791171485047,,False,,idle,False,,no_car,135,
1791171485359,,False,,idle,False,,no_car,141,
1791171485625,,False,,idle,False,,no_car,109,
1791171485906,,False,,idle,False,,no_car,90,
1791171486171,,False,,idle,False,,no_car,59,
1791171486525,,False,,idle,False,,no_car,106,
1791171486808,,False,,idle,False,,no_car,92,
1791171487074,,False,,idle,False,,no_car,59,
1791171487423,,False,,idle,False,,no_car,108,
1791171487733,,False,,idle,False,,no_car,118,
1791171488022,,False,,idle,False,,no_car,103,
1791171488325,,False,,idle,False,,no_car,108,
1791171488607,,False,,idle,False,,no_car,93,
1791171488955,,False,,idle,False,,no_car,134,
1791171489241,,False,,idle,False,,no_car,111,
1791171489499,,False,,idle,False,,no_car,83,
1791171489816,,False,,idle,False,,no_car,102,
1791171490056,,False,,idle,False,,no_car,51,
1791171490436,,False,,idle,False,,no_car,110,
1791171490663,,False,,idle,False,,no_car,50,
1791171490975,,False,,idle,False,,no_car,56,
1791171491302,,False,,idle,False,,no_car,80,
1791171491608,,False,,idle,False,,no_car,92,
1791171491880,,False,,idle,False,,no_car,71,
1791171492225,,False,,idle,False,,no_car,111,
1791171492522,,True,0.898,tracking,False,,tracking_start,108,
1791171492766,,True,0.928,tracking,False,,waiting_stable,51,
1791171493121,,True,0.904,tracking,False,,waiting_stable,107,
1791171493426,,True,0.865,tracking,False,,unstable,106,
1791171493726,,True,0.928,tracking,False,,unstable,112,
1791171493967,,True,0.932,tracking,False,,waiting_stable,53,
1791171494325,,True,0.923,tracking,False,,waiting_stable,115,
1791171494603,,True,0.941,tracking,False,,waiting_stable,81,
1791171494873,,True,0.933,analyzing,True,3,captured,55,
1791171495239,,True,0.924,analyzing,False,,analyzing,118,
1791171495542,,True,0.945,analyzing,False,,analyzing,137,
1791171495822,,True,0.939,analyzing,False,,analyzing,111,
1791171496086,,True,0.936,analyzing,False,,analyzing,72,
1791171496412,,True,0.861,analyzing,False,,analyzing,97,
1791171496658,,False,,analyzing,False,,analyzing,51,
1791171496883,,,,analyzing,,3,vlm_done,,2002
1791171497021,,False,,locked,False,,locked,104,
1791171497377,,False,,locked,False,,locked,162,
1791171497652,,False,,locked,False,,locked,134,
1791171497861,,False,,locked,False,,locked,55,
1791171498227,,False,,locked,False,,locked,111,
1791171498464,,False,,locked,False,,locked,50,
1791171498842,,False,,locked,False,,locked,122,
1791171499066,,False,,locked,False,,locked,58,
1791171499402,,False,,idle,False,,locked,88,
1791171499704,,False,,idle,False,,no_car,90,
1791171499990,,False,,idle,False,,no_car,77,
1791171500338,,False,,idle,False,,no_car,121,
1791171500562,,False,,idle,False,,no_car,51,
1791171500926,,False,,idle,False,,no_car,107,
1791171501170,,False,,idle,False,,no_car,55,
1791171501517,,False,,idle,False,,no_car,107,
1791171501763,,False,,idle,False,,no_car,51,
1791171502134,,False,,idle,False,,no_car,113,
1791171502436,,False,,idle,False,,no_car,121,
1791171502658,,False,,idle,False,,no_car,51,
1791171503031,,False,,idle,False,,no_car,114,
1791171503285,,False,,idle,False,,no_car,71,
1791171503599,,False,,idle,False,,no_car,91,
1791171503864,,False,,idle,False,,no_car,56,
1791171504225,,False,,idle,False,,no_car,109,
1791171504463,,False,,idle,False,,no_car,51,
1791171504854,,False,,idle,False,,no_car,118,
1791171505060,,False,,idle,False,,no_car,52,
1791171505429,,False,,idle,False,,no_car,107,
1791171505689,,False,,idle,False,,no_car,75,
1791171506026,,False,,idle,False,,no_car,108,
1791171506262,,False,,idle,False,,no_car,50,
1791171506630,,False,,idle,False,,no_car,111,
1791171506928,,False,,idle,False,,no_car,116,
1791171507167,,False,,idle,False,,no_car,55,
1791171507529,,False,,idle,False,,no_car,112,
1791171507867,,False,,idle,False,,no_car,137,
1791171508149,,False,,idle,False,,no_car,120,
1791171508407,,False,,idle,False,,no_car,93,
1791171508657,,False,,idle,False,,no_car,52,
1791171508976,,False,,idle,False,,no_car,56,
1791171509301,,False,,idle,False,,no_car,87,
1791171509573,,False,,idle,False,,no_car,61,
1791171509942,,True,0.807,idle,False,,edge,130,
1791171510258,,True,0.784,idle,False,,edge,143,
1791171510499,,True,0.804,idle,False,,edge,82,
1791171510808,,True,0.794,idle,False,,edge,93,
1791171511071,,True,0.769,idle,False,,edge,62,
1791171511444,,True,0.765,idle,False,,edge,125,
1791171511717,,True,0.792,idle,False,,edge,111,
1791171512024,,True,0.787,idle,False,,edge,110,
1791171512262,,True,0.796,idle,False,,edge,51,
1791171512579,,True,0.786,idle,False,,edge,59,
1791171512942,,True,0.783,idle,False,,edge,122,
1791171513162,,True,0.774,idle,False,,edge,57,
1791171513531,,True,0.795,idle,False,,edge,113,
1791171513765,,True,0.792,idle,False,,edge,54,
1791171514077,,True,0.775,idle,False,,edge,60,
1791171514436,,False,,idle,False,,no_car,119,
1791171514657,,False,,idle,False,,no_car,51,
1791171515005,,False,,idle,False,,no_car,91,
1791171515329,,False,,idle,False,,no_car,118,
1791171515597,,False,,idle,False,,no_car,82,
1791171515929,,False,,idle,False,,no_car,114,
1791171516192,,False,,idle,False,,no_car,78,
1791171516478,,False,,idle,False,,no_car,65,
1791171516823,,False,,idle,False,,no_car,106,
1791171517058,,False,,idle,False,,no_car,51,
1791171517424,,False,,idle,False,,no_car,109,
1791171517716,,False,,idle,False,,no_car,98,
1791171517970,,False,,idle,False,,no_car,57,
1791171518319,,False,,idle,False,,no_car,108,
1791171518619,,False,,idle,False,,no_car,107,
1791171518919,,False,,idle,False,,no_car,105,
1791171519169,,False,,idle,False,,no_car,54,
1791171519537,,False,,idle,False,,no_car,123,
1791171519819,,False,,idle,False,,no_car,107,
1791171520070,,False,,idle,False,,no_car,56,
1791171520438,,False,,idle,False,,no_car,120,
1791171520658,,False,,idle,False,,no_car,50,
1791171521031,,True,0.792,tracking,False,,tracking_start,112,
1791171521264,,True,0.767,tracking,False,,edge,50,
1791171521632,,True,0.802,tracking,False,,edge,111,
1791171521930,,True,0.82,tracking,False,,edge,116,
1791171522198,,True,0.788,tracking,False,,edge,83,
1791171522496,,False,,tracking,False,,no_car,83,
1791171522811,,False,,tracking,False,,no_car,99,
1791171523059,,True,0.759,tracking,False,,unstable,50,
1791171523434,,False,,tracking,False,,no_car,120,
1791171523744,,True,0.827,tracking,False,,unstable,121,
1791171523963,,True,0.849,tracking,False,,waiting_stable,50,
1791171524326,,True,0.817,tracking,False,,waiting_stable,112,
1791171524568,,True,0.833,tracking,False,,waiting_stable,58,
1791171524992,,True,0.78,tracking,False,,unstable,168,
1791171525220,,True,0.838,tracking,False,,unstable,92,
1791171525475,,True,0.833,tracking,False,,waiting_stable,66,
1791171525862,,True,0.824,tracking,False,,waiting_stable,145,
1791171526107,,True,0.835,tracking,False,,waiting_stable,100,
1791171526391,,True,0.761,tracking,False,,unstable,74,
1791171526699,,True,0.821,tracking,False,,unstable,90,
1791171526974,,True,0.756,tracking,False,,unstable,61,
1791171527326,,True,0.812,tracking,False,,unstable,107,
1791171527566,,True,0.754,tracking,False,,unstable,53,
1791171527933,,True,0.788,tracking,False,,unstable,119,
1791171528223,,True,0.761,tracking,False,,unstable,111,
1791171528523,,True,0.842,tracking,False,,unstable,102,
1791171528772,,True,0.827,tracking,False,,waiting_stable,60,
1791171529116,,True,0.839,tracking,False,,waiting_stable,104,
1791171529445,,True,0.855,tracking,False,,waiting_stable,120,
1791171529699,,True,0.833,analyzing,True,4,captured,89,
1791171530004,,True,0.837,analyzing,False,,analyzing,91,
1791171530300,,True,0.845,analyzing,False,,analyzing,90,
1791171530587,,True,0.822,analyzing,False,,analyzing,76,
1791171530951,,False,,analyzing,False,,analyzing,138,
1791171531188,,False,,analyzing,False,,analyzing,75,
1791171531506,,False,,analyzing,False,,analyzing,96,
1791171531771,,False,,analyzing,False,,analyzing,58,
1791171532130,,False,,analyzing,False,,analyzing,111,
1791171532403,,False,,analyzing,False,,analyzing,92,
1791171532665,,False,,analyzing,False,,analyzing,56,
1791171533008,,False,,analyzing,False,,analyzing,95,
1791171533325,,False,,analyzing,False,,analyzing,111,
1791171533627,,,,analyzing,,4,vlm_done,,3925
1791171533632,,False,,idle,False,,locked,118,
1791171533860,,False,,idle,False,,no_car,52,
1791171534187,,False,,idle,False,,no_car,67,
1791171534510,,False,,idle,False,,no_car,98,
1791171534822,,False,,idle,False,,no_car,109,
1791171535079,,False,,idle,False,,no_car,68,
1791171535439,,False,,idle,False,,no_car,126,
1791171535664,,False,,idle,False,,no_car,51,
1791171536023,,False,,idle,False,,no_car,107,
1791171536261,,False,,idle,False,,no_car,52,
1791171536596,,False,,idle,False,,no_car,83,
1791171536952,,False,,idle,False,,no_car,140,
1791171537167,,True,0.778,idle,False,,edge,54,
1791171537513,,False,,idle,False,,no_car,103,
1791171537763,,False,,idle,False,,no_car,51,
1791171538131,,True,0.779,idle,False,,edge,110,
1791171538366,,True,0.796,idle,False,,edge,53,
1791171538719,,True,0.788,idle,False,,edge,107,
1791171539023,,True,0.801,idle,False,,edge,109,
1791171539266,,True,0.781,idle,False,,edge,55,
1791171539630,,True,0.811,idle,False,,edge,107,
1791171539942,,True,0.813,idle,False,,edge,131,
1791171540202,,True,0.809,idle,False,,edge,90,
1791171540544,,False,,idle,False,,no_car,128,
1791171540767,,False,,idle,False,,no_car,54,
1791171541125,,False,,idle,False,,no_car,111,
1791171541416,,False,,idle,False,,no_car,105,
1791171541662,,False,,idle,False,,no_car,50,
1791171542008,,False,,idle,False,,no_car,101,
1791171542290,,False,,idle,False,,no_car,77,
1791171542593,,False,,idle,False,,no_car,81,
1791171542895,,False,,idle,False,,no_car,84,
1791171543201,,False,,idle,False,,no_car,90,
1791171543460,,False,,idle,False,,no_car,52,
1791171543833,,False,,idle,False,,no_car,115,
1791171544067,,False,,idle,False,,no_car,56,
1791171544442,,False,,idle,False,,no_car,117,
1791171544726,,False,,idle,False,,no_car,118,
1791171545008,,False,,idle,False,,no_car,98,
1791171545261,,False,,idle,False,,no_car,51,
1791171545622,,False,,idle,False,,no_car,107,
1791171545865,,False,,idle,False,,no_car,55,
1791171546230,,False,,idle,False,,no_car,113,
1791171546536,,False,,idle,False,,no_car,123,
1791171546763,,False,,idle,False,,no_car,51,
1791171547109,,False,,idle,False,,no_car,99,
1791171547374,,False,,idle,False,,no_car,63,
1791171547715,,False,,idle,False,,no_car,105,
1791171547998,,False,,idle,False,,no_car,87,
1791171548296,,False,,idle,False,,no_car,87,
1791171548606,,False,,idle,False,,no_car,95,
1791171548885,,False,,idle,False,,no_car,73,
1791171549214,,False,,idle,False,,no_car,103,
1791171549494,,False,,idle,False,,no_car,77,
1791171549806,,False,,idle,False,,no_car,87,
1791171550068,,False,,idle,False,,no_car,57,
1791171550397,,False,,idle,False,,no_car,84,
1791171550718,,False,,idle,False,,no_car,104,
1791171550962,,False,,idle,False,,no_car,51,
1791171551327,,False,,idle,False,,no_car,108,
1791171551822,,,,idle,False,,dropped,,
1791171552066,,False,,idle,False,,no_car,554,
1791171552195,,False,,idle,False,,no_car,82,
1791171552473,,False,,idle,False,,no_car,62,
1791171552827,,False,,idle,False,,no_car,108,
1791171553159,,True,0.86,idle,False,,edge,149,
1791171553431,,True,0.828,idle,False,,edge,119,
1791171553698,,True,0.842,idle,False,,edge,85,
1791171553982,,True,0.786,idle,False,,edge,71,
1791171554311,,True,0.823,idle,False,,edge,100,
1791171554629,,True,0.866,idle,False,,edge,103,
1791171554955,,True,0.9,tracking,False,,tracking_start,144,
1791171555200,,True,0.884,tracking,False,,waiting_stable,87,
1791171555472,,True,0.86,tracking,False,,waiting_stable,64,
1791171555821,,True,0.873,tracking,False,,waiting_stable,106,
1791171556074,,True,0.871,analyzing,True,5,captured,56,
1791171556425,,True,0.865,analyzing,False,,analyzing,105,
1791171556728,,True,0.88,analyzing,False,,analyzing,118,
1791171556965,,False,,analyzing,False,,analyzing,54,
1791171557338,,False,,analyzing,False,,analyzing,115,
1791171557602,,False,,analyzing,False,,analyzing,91,
1791171557862,,False,,analyzing,False,,analyzing,54,
1791171558222,,False,,analyzing,False,,analyzing,109,
1791171558277,,,,analyzing,,5,vlm_done,,2201
1791171558464,,False,,locked,False,,locked,52,
1791171558829,,False,,locked,False,,locked,111,
1791171559096,,False,,locked,False,,locked,87,
1791171559397,,False,,locked,False,,locked,86,
1791171559669,,False,,idle,False,,locked,58,
1791171560014,,False,,idle,False,,no_car,98,
1791171560321,,False,,idle,False,,no_car,113,
1791171560624,,False,,idle,False,,no_car,113,
1791171560865,,False,,idle,False,,no_car,54,
1791171561209,,False,,idle,False,,no_car,94,
1791171561519,,False,,idle,False,,no_car,111,
1791171561761,,False,,idle,False,,no_car,50,
1791171562172,,False,,idle,False,,no_car,155,
1791171562476,,False,,idle,False,,no_car,165,
1791171562713,,False,,idle,False,,no_car,103,
1791171562963,,False,,idle,False,,no_car,53,
1791171563284,,False,,idle,False,,no_car,63,
1791171563612,,False,,idle,False,,no_car,100,
1791171563918,,False,,idle,False,,no_car,109,
1791171564197,,False,,idle,False,,no_car,86,
1791171564482,,False,,idle,False,,no_car,71,
1791171564814,,False,,idle,False,,no_car,102,
1791171565059,,False,,idle,False,,no_car,50,
1791171565433,,False,,idle,False,,no_car,113,
1791171565762,,False,,idle,False,,no_car,148,
1791171565959,,False,,idle,False,,no_car,49,
1791171566326,,False,,idle,False,,no_car,107,
1791171566662,,False,,idle,False,,no_car,150,
1791171566863,,False,,idle,False,,no_car,50,
1791171567225,,False,,idle,False,,no_car,109,
1791171567515,,False,,idle,False,,no_car,106,
1791171567853,,False,,idle,False,,no_car,134,
1791171568111,,False,,idle,False,,no_car,99,
1791171568363,,False,,idle,False,,no_car,52,
1791171568738,,False,,idle,False,,no_car,125,
1791171569055,,False,,idle,False,,no_car,133,
1791171569314,,False,,idle,False,,no_car,104,
1791171569570,,False,,idle,False,,no_car,58,
1791171569922,,False,,idle,False,,no_car,110,
1791171570244,,False,,idle,False,,no_car,125,
1791171570466,,False,,idle,False,,no_car,54,
1791171570828,,False,,idle,False,,no_car,113,
1791171571126,,False,,idle,False,,no_car,117,
1791171571418,,False,,idle,False,,no_car,106,
1791171571735,,False,,idle,False,,no_car,122,
1791171571982,,False,,idle,False,,no_car,72,
1791171572324,,False,,idle,False,,no_car,109,
1791171572616,,False,,idle,False,,no_car,105,
1791171572860,,False,,idle,False,,no_car,49,
1791171573251,,False,,idle,False,,no_car,132,
1791171573554,,False,,idle,False,,no_car,139,
1791171573849,,False,,idle,False,,no_car,130,
1791171574078,,False,,idle,False,,no_car,67,
1791171574410,,False,,idle,False,,no_car,99,
1791171574742,,False,,idle,False,,no_car,132,
1791171574986,,False,,idle,False,,no_car,75,
1791171575320,,False,,idle,False,,no_car,105,
1791171575610,,False,,idle,False,,no_car,99,
1791171575895,,False,,idle,False,,no_car,84,
1791171576206,,False,,idle,False,,no_car,94,
1791171576465,,False,,idle,False,,no_car,53,
1791171576814,,False,,idle,False,,no_car,102,
1791171577059,,False,,idle,False,,no_car,50,
1791171577420,,False,,idle,False,,no_car,104,
1791171577726,,False,,idle,False,,no_car,113,
1791171577962,,False,,idle,False,,no_car,51,
1791171578298,,False,,idle,False,,no_car,89,
1791171578651,,False,,idle,False,,no_car,137,
1791171578899,,False,,idle,False,,no_car,86,
1791171579176,,False,,idle,False,,no_car,66,
1791171579520,,False,,idle,False,,no_car,108,
1791171579818,,False,,idle,False,,no_car,105,
1791171580154,,False,,idle,False,,no_car,142,
1791171580411,,False,,idle,False,,no_car,101,
1791171580658,,False,,idle,False,,no_car,51,
1791171581028,,False,,idle,False,,no_car,110,
1791171581355,,False,,idle,False,,no_car,143,
1791171581590,,False,,idle,False,,no_car,80,
1791171581911,,False,,idle,False,,no_car,102,
1791171582219,,False,,idle,False,,no_car,107,
1791171582532,,False,,idle,False,,no_car,121,
1791171582796,,False,,idle,False,,no_car,86,
1791171583090,,False,,idle,False,,no_car,81,
1791171583402,,False,,idle,False,,no_car,92,
1791171583682,,False,,idle,False,,no_car,71,
1791171584012,,False,,idle,False,,no_car,101,
1791171584323,,False,,idle,False,,no_car,114,
1791171584564,,False,,idle,False,,no_car,53,
1791171584934,,False,,idle,False,,no_car,113,
1791171585285,,False,,idle,False,,no_car,169,
1791171585469,,False,,idle,False,,no_car,59,
1791171585821,,False,,idle,False,,no_car,101,
1791171586115,,False,,idle,False,,no_car,101,
1791171586366,,False,,idle,False,,no_car,55,
1791171586722,,False,,idle,False,,no_car,109,
1791171586996,,False,,idle,False,,no_car,85,
1791171587291,,False,,idle,False,,no_car,81,
1791171587592,,False,,idle,False,,no_car,81,
1791171587902,,False,,idle,False,,no_car,92,
1791171588212,,False,,idle,False,,no_car,101,
1791171588500,,False,,idle,False,,no_car,87,
1791171588784,,False,,idle,False,,no_car,72,
1791171589118,,False,,idle,False,,no_car,105,
1791171589424,,False,,idle,False,,no_car,114,
1791171589676,,False,,idle,False,,no_car,66,
1791171590011,,False,,idle,False,,no_car,100,
1791171590287,,False,,idle,False,,no_car,79,
1791171590610,,False,,idle,False,,no_car,98,
1791171590955,,False,,idle,False,,no_car,143,
1791171591205,,False,,idle,False,,no_car,96,
1791171591517,,False,,idle,False,,no_car,103,
1791171591908,,False,,idle,False,,no_car,189,
1791171592058,,False,,idle,False,,no_car,50,
1791171592432,,False,,idle,False,,no_car,119,
1791171592696,,False,,idle,False,,no_car,78,
1791171592991,,False,,idle,False,,no_car,81,
1791171593291,,False,,idle,False,,no_car,82,
1791171593595,,False,,idle,False,,no_car,90,
1791171593893,,False,,idle,False,,no_car,85,
1791171594200,,False,,idle,False,,no_car,89,
1791171594561,,False,,idle,False,,no_car,152,
1791171594818,,False,,idle,False,,no_car,113,
1791171595154,,False,,idle,False,,no_car,136,
1791171595379,,False,,idle,False,,no_car,68,
1791171595716,,False,,idle,False,,no_car,103,
1791171595979,,False,,idle,False,,no_car,73,
1791171596310,,False,,idle,False,,no_car,99,
1791171596592,,False,,idle,False,,no_car,82,
1791171596967,,False,,idle,False,,no_car,158,
1791171597170,,False,,idle,False,,no_car,66,
1791171597517,,False,,idle,False,,no_car,105,
1791171597794,,False,,idle,False,,no_car,85,
1791171598095,,False,,idle,False,,no_car,84,
1791171598427,,False,,idle,False,,no_car,113,
1791171598721,,False,,idle,False,,no_car,109,
1791171599089,,False,,idle,False,,no_car,174,
1791171599421,,False,,idle,False,,no_car,209,
1791171599587,,False,,idle,False,,no_car,83,
1791171599911,,False,,idle,False,,no_car,100,
1791171600202,,False,,idle,False,,no_car,91,
1791171600521,,False,,idle,False,,no_car,110,
1791171600776,,False,,idle,False,,no_car,69,
1791171601091,,False,,idle,False,,no_car,83,
1791171601412,,False,,idle,False,,no_car,101,
1791171601669,,False,,idle,False,,no_car,58,
1791171602015,,False,,idle,False,,no_car,104,
1791171602292,,False,,idle,False,,no_car,84,
1791171602598,,False,,idle,False,,no_car,87,
1791171602907,,False,,idle,False,,no_car,97,
1791171603195,,False,,idle,False,,no_car,89,
1791171603504,,False,,idle,False,,no_car,95,
1791171603772,,False,,idle,False,,no_car,62,
1791171604133,,False,,idle,False,,no_car,114,
1791171604403,,False,,idle,False,,no_car,96,
1791171604693,,False,,idle,False,,no_car,83,
1791171604989,,False,,idle,False,,no_car,79,
1791171605295,,False,,idle,False,,no_car,85,
1791171605571,,False,,idle,False,,no_car,66,
1791171605935,,False,,idle,False,,no_car,124,
1791171606231,,False,,idle,False,,no_car,121,
1791171606492,,False,,idle,False,,no_car,81,
1791171606782,,False,,idle,False,,no_car,77,
1791171607115,,False,,idle,False,,no_car,101,
1791171607438,,False,,idle,False,,no_car,129,
1791171607661,,False,,idle,False,,no_car,51,
1791171608005,,False,,idle,False,,no_car,92,
1791171608310,,False,,idle,False,,no_car,102,
1791171608699,,False,,idle,False,,no_car,178,
1791171608891,,False,,idle,False,,no_car,84,
1791171609193,,False,,idle,False,,no_car,87,
1791171609514,,False,,idle,False,,no_car,104,
1791171609818,,False,,idle,False,,no_car,108,
1791171610075,,False,,idle,False,,no_car,64,
1791171610423,,False,,idle,False,,no_car,116,
1791171610659,,False,,idle,False,,no_car,50,
1791171611019,,False,,idle,False,,no_car,106,
1791171611322,,False,,idle,False,,no_car,116,
1791171611617,,False,,idle,False,,no_car,113,
1791171611860,,False,,idle,False,,no_car,52,
1791171612243,,False,,idle,False,,no_car,123,
1791171612536,,False,,idle,False,,no_car,126,
1791171612755,,False,,idle,False,,no_car,51,
1791171613144,,False,,idle,False,,no_car,125,
1791171613414,,False,,idle,False,,no_car,102,
1791171613679,,False,,idle,False,,no_car,69,
1791171614002,,False,,idle,False,,no_car,95,
1791171614304,,False,,idle,False,,no_car,94,
1791171614564,,False,,idle,False,,no_car,54,
1791171614965,,False,,idle,False,,no_car,148,
1791171615307,,False,,idle,False,,no_car,198,
1791171615492,,False,,idle,False,,no_car,82,
1791171615806,,False,,idle,False,,no_car,97,
1791171616061,,False,,idle,False,,no_car,51,
1791171616442,,False,,idle,False,,no_car,130,
1791171616719,,False,,idle,False,,no_car,111,
1791171616987,,False,,idle,False,,no_car,76,
1791171617295,,False,,idle,False,,no_car,89,
1791171617572,,False,,idle,False,,no_car,67,
1791171617968,,False,,idle,False,,no_car,155,
1791171618203,,False,,idle,False,,no_car,92,
1791171618495,,False,,idle,False,,no_car,85,
1791171618791,,False,,idle,False,,no_car,86,
1791171619097,,False,,idle,False,,no_car,89,
1791171619389,,False,,idle,False,,no_car,80,
1791171619695,,False,,idle,False,,no_car,85,
1791171620037,,False,,idle,False,,no_car,132,
1791171620280,,False,,idle,False,,no_car,72,
1791171620601,,False,,idle,False,,no_car,90,
1791171620892,,False,,idle,False,,no_car,82,
1791171621192,,False,,idle,False,,no_car,86,
1791171621512,,False,,idle,False,,no_car,103,
1791171621761,,False,,idle,False,,no_car,51,
1791171622126,,False,,idle,False,,no_car,108,
1791171622427,,False,,idle,False,,no_car,120,
1791171622697,,False,,idle,False,,no_car,89,
1791171622978,,False,,idle,False,,no_car,69,
1791171623306,,False,,idle,False,,no_car,99,
1791171623612,,False,,idle,False,,no_car,105,
1791171623897,,False,,idle,False,,no_car,88,
1791171624188,,False,,idle,False,,no_car,77,
1791171624501,,False,,idle,False,,no_car,92,
1791171624763,,False,,idle,False,,no_car,58,
1791171625174,,False,,idle,False,,no_car,160,
1791171625446,,False,,idle,False,,no_car,136,
1791171625703,,False,,idle,False,,no_car,95,
1791171626022,,False,,idle,False,,no_car,116,
1791171626321,,False,,idle,False,,no_car,110,
1791171626565,,False,,idle,False,,no_car,55,
1791171626915,,False,,idle,False,,no_car,100,
1791171627165,,False,,idle,False,,no_car,59,
1791171627538,,False,,idle,False,,no_car,123,
1791171627785,,False,,idle,False,,no_car,76,
1791171628094,,False,,idle,False,,no_car,85,
1791171628386,,False,,idle,False,,no_car,81,
1791171628717,,False,,idle,False,,no_car,102,
1791171629028,,False,,idle,False,,no_car,119,
1791171629259,,False,,idle,False,,no_car,50,
1791171629622,,False,,idle,False,,no_car,111,
1791171629926,,False,,idle,False,,no_car,119,
1791171630251,,False,,idle,False,,no_car,137,
1791171630504,,False,,idle,False,,no_car,96,
1791171630763,,False,,idle,False,,no_car,58,
1791171631113,,False,,idle,False,,no_car,103,
1791171631359,,False,,idle,False,,no_car,50,
1791171631719,,False,,idle,False,,no_car,104,
1791171631970,,False,,idle,False,,no_car,65,
1791171632320,,False,,idle,False,,no_car,111,
1791171632625,,False,,idle,False,,no_car,114,
1791171632905,,False,,idle,False,,no_car,96,
1791171633218,,False,,idle,False,,no_car,112,
1791171633488,,False,,idle,False,,no_car,80,
1791171633800,,False,,idle,False,,no_car,90,
1791171634064,,False,,idle,False,,no_car,56,
1791171634417,,False,,idle,False,,no_car,107,
1791171634718,,False,,idle,False,,no_car,110,
1791171635011,,False,,idle,False,,no_car,101,
1791171635290,,False,,idle,False,,no_car,84,
1791171635614,,False,,idle,False,,no_car,104,
1791171635930,,False,,idle,False,,no_car,124,
1791171636235,,False,,idle,False,,no_car,121,
1791171636458,,False,,idle,False,,no_car,50,
1791171636820,,False,,idle,False,,no_car,109,
1791171637059,,False,,idle,False,,no_car,52,
1791171637422,,False,,idle,False,,no_car,109,
1791171637787,,False,,idle,False,,no_car,178,
1791171637962,,False,,idle,False,,no_car,56,
1791171638323,,False,,idle,False,,no_car,110,
1791171638598,,False,,idle,False,,no_car,89,
1791171638940,,False,,idle,False,,no_car,132,
1791171639246,,False,,idle,False,,no_car,136,
1791171639459,,False,,idle,False,,no_car,51,
1791171639826,,False,,idle,False,,no_car,111,
1791171640057,,False,,idle,False,,no_car,49,
1791171640422,,False,,idle,False,,no_car,109,
1791171640736,,False,,idle,False,,no_car,128,
1791171640959,,False,,idle,False,,no_car,51,
1791171641330,,False,,idle,False,,no_car,111,
1791171641563,,False,,idle,False,,no_car,58,
1791171641932,,False,,idle,False,,no_car,119,
1791171642284,,False,,idle,False,,no_car,174,
1791171642462,,False,,idle,False,,no_car,54,
1791171642828,,False,,idle,False,,no_car,117,
1791171643087,,False,,idle,False,,no_car,79,
1791171643410,,False,,idle,False,,no_car,95,
1791171643712,,False,,idle,False,,no_car,102,
1791171643959,,False,,idle,False,,no_car,54,
1791171644351,,False,,idle,False,,no_car,122,
1791171644695,,False,,idle,False,,no_car,177,
1791171644936,,False,,idle,False,,no_car,131,
1791171645271,,False,,idle,False,,no_car,161,
1791171645553,,False,,idle,False,,no_car,135,
1791171645797,,False,,idle,False,,no_car,89,
1791171646082,,False,,idle,False,,no_car,74,
1791171646417,,False,,idle,False,,no_car,104,
1791171646720,,False,,idle,False,,no_car,113,
1791171646988,,False,,idle,False,,no_car,79,
1791171647309,,False,,idle,False,,no_car,102,
1791171647557,,False,,idle,False,,no_car,52,
1791171647931,,False,,idle,False,,no_car,115,
1791171648226,,False,,idle,False,,no_car,115,
1791171648461,,False,,idle,False,,no_car,53,
1791171648820,,False,,idle,False,,no_car,111,
1791171649113,,False,,idle,False,,no_car,104,
1791171649396,,False,,idle,False,,no_car,87,
1791171649687,,False,,idle,False,,no_car,79,
1791171650021,,False,,idle,False,,no_car,115,
1791171650387,,False,,idle,False,,no_car,178,
1791171650585,,False,,idle,False,,no_car,76,
1791171650910,,False,,idle,False,,no_car,102,
1791171651188,,False,,idle,False,,no_car,82,
1791171651500,,False,,idle,False,,no_car,92,
1791171651822,,False,,idle,False,,no_car,115,
1791171652058,,False,,idle,False,,no_car,50,
1791171652429,,False,,idle,False,,no_car,115,
1791171652717,,False,,idle,False,,no_car,109,
1791171652963,,False,,idle,False,,no_car,55,
1791171653342,,False,,idle,False,,no_car,129,
1791171653576,,False,,idle,False,,no_car,67,
1791171653920,,False,,idle,False,,no_car,111,
1791171654257,,False,,idle,False,,no_car,145,
1791171654569,,False,,idle,False,,no_car,161,
1791171654768,,False,,idle,False,,no_car,63,
1791171655128,,False,,idle,False,,no_car,116,
1791171655368,,False,,idle,False,,no_car,57,
1791171655724,,False,,idle,False,,no_car,107,
1791171656011,,False,,idle,False,,no_car,106,
1791171656297,,False,,idle,False,,no_car,90,
1791171656625,,False,,idle,False,,no_car,118,
1791171656924,,False,,idle,False,,no_car,116,
1791171657228,,False,,idle,False,,no_car,123,
1791171657490,,False,,idle,False,,no_car,81,
1791171657796,,False,,idle,False,,no_car,88,
1791171658072,,False,,idle,False,,no_car,65,
1791171658430,,False,,idle,False,,no_car,122,
1791171658724,,False,,idle,False,,no_car,116,
1791171659025,,False,,idle,False,,no_car,115,
1791171659265,,False,,idle,False,,no_car,59,
1791171659628,,False,,idle,False,,no_car,116,
1791171659898,,False,,idle,False,,no_car,90,
1791171660179,,False,,idle,False,,no_car,71,
1791171660509,,False,,idle,False,,no_car,101,
1791171660756,,False,,idle,False,,no_car,51,
1791171661130,,False,,idle,False,,no_car,115,
1791171661451,,False,,idle,False,,no_car,142,
1791171661672,,False,,idle,False,,no_car,62,
1791171662025,,False,,idle,False,,no_car,115,
1791171662277,,False,,idle,False,,no_car,70,
1791171662619,,False,,idle,False,,no_car,111,
1791171662858,,False,,idle,False,,no_car,51,
1791171663221,,False,,idle,False,,no_car,113,
1791171663524,,False,,idle,False,,no_car,116,
1791171663784,,False,,idle,False,,no_car,76,
1791171664111,,False,,idle,False,,no_car,102,
1791171664448,,False,,idle,False,,no_car,135,
1791171664732,,False,,idle,False,,no_car,124,
1791171665024,,False,,idle,False,,no_car,117,
1791171665258,,False,,idle,False,,no_car,52,
1791171665634,,False,,idle,False,,no_car,122,
1791171665931,,False,,idle,False,,no_car,124,
1791171666164,,False,,idle,False,,no_car,56,
1791171666541,,False,,idle,False,,no_car,128,
1791171666757,,False,,idle,False,,no_car,51,
1791171667133,,False,,idle,False,,no_car,117,
1791171667357,,False,,idle,False,,no_car,52,
1791171667727,,False,,idle,False,,no_car,113,
1791171668013,,False,,idle,False,,no_car,106,
1791171668258,,False,,idle,False,,no_car,51,
1791171668632,,False,,idle,False,,no_car,118,
1791171668900,,False,,idle,False,,no_car,94,
1791171669203,,False,,idle,False,,no_car,98,
1791171669493,,False,,idle,False,,no_car,85,
1791171669799,,False,,idle,False,,no_car,94,
1791171670076,,False,,idle,False,,no_car,69,
1791171670423,,False,,idle,False,,no_car,114,
1791171670661,,False,,idle,False,,no_car,54,
1791171671031,,False,,idle,False,,no_car,114,
1791171671270,,False,,idle,False,,no_car,64,
1791171671623,,False,,idle,False,,no_car,113,
1791171671929,,False,,idle,False,,no_car,121,
1791171672168,,False,,idle,False,,no_car,56,
1791171672529,,False,,idle,False,,no_car,118,
1791171672777,,False,,idle,False,,no_car,71,
1791171673116,,True,0.788,idle,False,,edge,109,
1791171673395,,False,,idle,False,,no_car,89,
1791171673682,,False,,idle,False,,no_car,75,
1791171674003,,False,,idle,False,,no_car,98,
1791171674313,,True,0.797,idle,False,,edge,105,
1791171674584,,False,,idle,False,,no_car,77,
1791171674894,,False,,idle,False,,no_car,86,
1791171675217,,True,0.824,idle,False,,edge,100,
1791171675524,,True,0.892,idle,False,,edge,117,
1791171675816,,False,,idle,False,,no_car,108,
1791171676087,,False,,idle,False,,no_car,81,
1791171676395,,True,0.763,idle,False,,edge,90,
1791171676687,,True,0.75,idle,False,,edge,79,
1791171676987,,True,0.77,idle,False,,edge,81,
1791171677297,,True,0.825,idle,False,,edge,90,
1791171677585,,False,,idle,False,,no_car,78,
1791173293713,,,,idle,False,,dropped,,
1791173294044,,,,idle,False,,dropped,,
1791173294317,,,,idle,False,,dropped,,
1791173294610,,,,idle,False,,dropped,,
1791173294915,,,,idle,False,,dropped,,
1791173295202,,,,idle,False,,dropped,,
1791173295506,,,,idle,False,,dropped,,
1791173295812,,,,idle,False,,dropped,,
1791173296102,,,,idle,False,,dropped,,
1791173296399,,,,idle,False,,dropped,,
1791173296695,,,,idle,False,,dropped,,
1791173296733,,True,0.924,idle,False,,edge,3305,
1791173297062,,True,0.917,idle,False,,edge,68,
1791173297416,,True,0.918,idle,False,,edge,123,
1791173297644,,True,0.908,idle,False,,edge,60,
1791173298007,,False,,idle,False,,no_car,108,
1791173298240,,True,0.871,idle,False,,edge,54,
1791173298620,,True,0.904,idle,False,,edge,123,
1791173299013,,True,0.92,idle,False,,edge,210,
1791173299198,,True,0.927,idle,False,,edge,90,
1791173299489,,True,0.939,idle,False,,edge,90,
1791173299782,,True,0.935,idle,False,,edge,93,
1791173300128,,True,0.89,idle,False,,edge,134,
1791173300434,,True,0.825,idle,False,,edge,152,
1791173300644,,False,,idle,False,,no_car,56,
1791173300995,,False,,idle,False,,no_car,107,
1791173301316,,False,,idle,False,,no_car,127,
1791173301574,,False,,idle,False,,no_car,85,
1791173301868,,True,0.778,tracking,False,,tracking_start,83,
1791173302183,,True,0.836,tracking,False,,waiting_stable,92,
1791173302495,,True,0.782,tracking,False,,waiting_stable,102,
1791173302789,,True,0.812,tracking,False,,waiting_stable,101,
1791173303049,,True,0.82,tracking,False,,edge,62,
1791173303405,,True,0.771,tracking,False,,unstable,111,
1791173303665,,True,0.815,tracking,False,,edge,74,
1791173304003,,True,0.851,tracking,False,,edge,110,
1791173304242,,True,0.861,tracking,False,,edge,58,
1791173304612,,False,,tracking,False,,no_car,116,
1791173304887,,True,0.794,tracking,False,,edge,93,
1791173305205,,False,,tracking,False,,no_car,114,
1791173305509,,False,,tracking,False,,no_car,123,
1791173305800,,True,0.863,tracking,False,,unstable,112,
1791173306131,,False,,tracking,False,,no_car,134,
1791173306449,,True,0.765,tracking,False,,unstable,158,
1791173306699,,True,0.793,tracking,False,,waiting_stable,108,
1791173307000,,True,0.846,tracking,False,,waiting_stable,112,
1791173307239,,True,0.854,tracking,False,,waiting_stable,50,
1791173307637,,True,0.842,analyzing,True,6,captured,112,
1791173307843,,True,0.857,analyzing,False,,analyzing,54,
1791173308208,,True,0.827,analyzing,False,,analyzing,114,
1791173308477,,True,0.855,analyzing,False,,analyzing,86,
1791173308767,,True,0.843,analyzing,False,,analyzing,76,
1791173309094,,True,0.852,analyzing,False,,analyzing,104,
1791173309366,,True,0.842,analyzing,False,,analyzing,77,
1791173309692,,True,0.847,analyzing,False,,analyzing,101,
1791173309756,,,,analyzing,,6,vlm_done,,2139
1791173310001,,True,0.838,locked,False,,locked,112,
1791173310314,,True,0.859,locked,False,,locked,112,
1791173310547,,True,0.804,locked,False,,locked,58,
1791173310911,,True,0.853,locked,False,,locked,116,
1791173311143,,True,0.823,locked,False,,locked,56,
1791173311505,,True,0.838,locked,False,,locked,118,
1791173311797,,True,0.752,locked,False,,locked,108,
1791173312046,,False,,locked,False,,locked,57,
1791173312386,,False,,locked,False,,locked,89,
1791173312635,,False,,locked,False,,locked,51,
1791173313009,,False,,locked,False,,locked,117,
1791173313274,,False,,locked,False,,locked,84,
1791173313579,,False,,locked,False,,locked,90,
1791173313873,,False,,locked,False,,locked,87,
1791173314199,,False,,locked,False,,locked,109,
1791173314522,,False,,locked,False,,locked,133,
1791173314748,,False,,idle,False,,locked,58,
1791173315101,,False,,idle,False,,no_car,111,
1791173315400,,False,,idle,False,,no_car,109,
1791173315645,,False,,idle,False,,no_car,56,
1791173316005,,False,,idle,False,,no_car,111,
1791173316260,,False,,idle,False,,no_car,74,
1791173316600,,False,,idle,False,,no_car,107,
1791173316841,,False,,idle,False,,no_car,52,
1791173317212,,False,,idle,False,,no_car,117,
1791173317487,,False,,idle,False,,no_car,104,
1791173317743,,False,,idle,False,,no_car,53,
1791173318117,,False,,idle,False,,no_car,119,
1791173318376,,False,,idle,False,,no_car,87,
1791173318676,,False,,idle,False,,no_car,87,
1791173318981,,False,,idle,False,,no_car,93,
1791173319269,,False,,idle,False,,no_car,79,
1791173319593,,False,,idle,False,,no_car,102,
1791173319837,,False,,idle,False,,no_car,52,
1791173320206,,False,,idle,False,,no_car,114,
1791173320509,,False,,idle,False,,no_car,119,
1791173320750,,False,,idle,False,,no_car,62,
1791173321102,,False,,idle,False,,no_car,111,
1791173321338,,False,,idle,False,,no_car,50,
1791173321717,,False,,idle,False,,no_car,118,
1791173321987,,False,,idle,False,,no_car,98,
1791173322306,,False,,idle,False,,no_car,120,
1791173322575,,True,0.767,tracking,False,,tracking_start,81,
1791173322868,,False,,tracking,False,,no_car,81,
1791173323179,,False,,tracking,False,,no_car,91,
1791173323444,,False,,tracking,False,,no_car,58,
1791173323807,,False,,tracking,False,,no_car,113,
1791173324141,,False,,tracking,False,,no_car,144,
1791173324339,,False,,tracking,False,,no_car,50,
1791173324704,,False,,tracking,False,,no_car,112,
1791173324940,,False,,tracking,False,,no_car,51,
1791173325312,,True,0.843,tracking,False,,unstable,116,
1791173325573,,True,0.834,tracking,False,,waiting_stable,80,
1791173325886,,True,0.868,tracking,False,,waiting_stable,97,
1791173326179,,True,0.783,tracking,False,,waiting_stable,91,
1791173326519,,True,0.785,analyzing,True,7,captured,108,
1791173326801,,True,0.777,analyzing,False,,analyzing,112,
1791173327105,,True,0.858,analyzing,False,,analyzing,118,
1791173327363,,True,0.818,analyzing,False,,analyzing,72,
1791173327695,,True,0.841,analyzing,False,,analyzing,106,
1791173328041,,True,0.857,analyzing,False,,analyzing,151,
1791173328247,,True,0.87,analyzing,False,,analyzing,64,
1791173328525,,,,analyzing,,7,vlm_done,,1998
1791173328615,,True,0.852,locked,False,,locked,124,
1791173328907,,True,0.83,locked,False,,locked,126,
1791173329283,,True,0.833,locked,False,,locked,174,
1791173329474,,True,0.846,locked,False,,locked,86,
1791173329815,,True,0.831,locked,False,,locked,126,
1791173330043,,True,0.881,locked,False,,locked,54,
1791173330401,,False,,locked,False,,locked,111,
1791173330636,,False,,locked,False,,locked,51,
1791173331006,,False,,locked,False,,locked,109,
1791173331268,,False,,locked,False,,locked,77,
1791173331596,,False,,locked,False,,locked,106,
1791173331857,,False,,locked,False,,locked,73,
1791173332204,,False,,locked,False,,locked,110,
1791173332480,,False,,locked,False,,locked,92,
1791173332765,,False,,locked,False,,locked,79,
1791173333092,,False,,idle,False,,locked,102,
1791173333403,,False,,idle,False,,no_car,115,
1791173333703,,False,,idle,False,,no_car,113,
1791173333976,,False,,idle,False,,no_car,88,
1791173334269,,False,,idle,False,,no_car,84,
1791173334587,,False,,idle,False,,no_car,96,
1791173334841,,False,,idle,False,,no_car,53,
1791173335208,,False,,idle,False,,no_car,110,
1791173335515,,False,,idle,False,,no_car,134,
1791173335737,,False,,idle,False,,no_car,50,
1791173336115,,False,,idle,False,,no_car,123,
1791173336354,,False,,idle,False,,no_car,67,
1791173336696,,False,,idle,False,,no_car,108,
1791173337012,,False,,idle,False,,no_car,122,
1791173337300,,False,,idle,False,,no_car,119,
1791173337612,,False,,idle,False,,no_car,124,
1791173337908,,False,,idle,False,,no_car,107,
1791173338306,,False,,idle,False,,no_car,220,
1791173338474,,False,,idle,False,,no_car,94,
1791173338776,,False,,idle,False,,no_car,89,
1791173339114,,False,,idle,False,,no_car,128,
1791173339339,,False,,idle,False,,no_car,52,
1791173339706,,False,,idle,False,,no_car,111,
1791173339992,,False,,idle,False,,no_car,104,
1791174158419,,,,idle,False,,dropped,,
1791174158714,,,,idle,False,,dropped,,
1791174159027,,,,idle,False,,dropped,,
1791174159323,,,,idle,False,,dropped,,
1791174159620,,,,idle,False,,dropped,,
1791174159899,,False,,idle,False,,no_car,1764,
1791174159972,,True,0.775,tracking,False,,tracking_start,46,
1791174160297,,False,,tracking,False,,no_car,64,
1791174160567,,False,,tracking,False,,no_car,52,
1791174160907,,False,,tracking,False,,no_car,84,
1791174161160,,False,,tracking,False,,no_car,41,
1791174161506,,False,,tracking,False,,no_car,80,
1791174161781,,False,,tracking,False,,no_car,64,
1791174162097,,False,,tracking,False,,no_car,73,
1791174162359,,False,,tracking,False,,no_car,47,
1791174162699,,False,,tracking,False,,no_car,77,
1791174162958,,False,,idle,False,,no_car,45,
1791174163286,,False,,idle,False,,no_car,64,
1791174163579,,False,,idle,False,,no_car,66,
1791174163910,,False,,idle,False,,no_car,84,
1791174164160,,False,,idle,False,,no_car,42,
1791174164518,,False,,idle,False,,no_car,93,
1791174164759,,False,,idle,False,,no_car,42,
1791174165083,,True,0.78,tracking,False,,tracking_start,56,
1791174165383,,False,,tracking,False,,no_car,70,
1791174165688,,False,,tracking,False,,no_car,74,
1791174165986,,False,,tracking,False,,no_car,65,
1791174166290,,True,0.75,tracking,False,,unstable,78,
1791174166573,,False,,tracking,False,,no_car,56,
1791174166895,,False,,tracking,False,,no_car,77,
1791174167180,,False,,tracking,False,,no_car,67,
1791174167513,,False,,tracking,False,,no_car,81,
1791174167758,,False,,tracking,False,,no_car,42,
1791174168102,,False,,tracking,False,,no_car,80,
1791174168357,,False,,tracking,False,,no_car,44,
1791174168706,,False,,tracking,False,,no_car,84,
1791174168963,,False,,tracking,False,,no_car,45,
1791174169323,,False,,idle,False,,no_car,94,
1791174169561,,True,0.759,tracking,False,,tracking_start,42,
1791174169896,,True,0.753,tracking,False,,waiting_stable,81,
1791174170166,,False,,tracking,False,,no_car,49,
1791174170511,,False,,tracking,False,,no_car,90,
1791174170765,,False,,tracking,False,,no_car,45,
1791174171113,,False,,tracking,False,,no_car,84,
1791174171359,,False,,tracking,False,,no_car,45,
1791174171710,,False,,tracking,False,,no_car,87,
1791174171964,,False,,tracking,False,,no_car,41,
1791174172311,,True,0.797,tracking,False,,unstable,82,
1791174172562,,False,,tracking,False,,no_car,44,
1791174172909,,False,,tracking,False,,no_car,82,
1791174173163,,False,,tracking,False,,no_car,42,
1791174173519,,False,,tracking,False,,no_car,91,
1791174173761,,False,,tracking,False,,no_car,42,
1791174174088,,False,,tracking,False,,no_car,63,
1791174174378,,False,,tracking,False,,no_car,58,
1791174174700,,True,0.764,tracking,False,,unstable,75,
1791174174962,,False,,tracking,False,,no_car,44,
1791174175310,,False,,tracking,False,,no_car,90,
1791174175561,,False,,tracking,False,,no_car,41,
1791174175918,,False,,tracking,False,,no_car,89,
1791174176163,,True,0.759,tracking,False,,unstable,46,
1791174176495,,True,0.802,tracking,False,,waiting_stable,73,
1791174176768,,True,0.809,tracking,False,,waiting_stable,54,
1791174177092,,True,0.794,tracking,False,,waiting_stable,73,
1791174177407,,True,0.797,analyzing,True,8,captured,61,
1791174177714,,True,0.804,analyzing,False,,analyzing,88,
1791174177957,,True,0.81,analyzing,False,,analyzing,43,
1791174178306,,True,0.82,analyzing,False,,analyzing,87,
1791174178560,,True,0.801,analyzing,False,,analyzing,47,
1791174178901,,True,0.811,analyzing,False,,analyzing,79,
1791174179174,,,,analyzing,,8,vlm_done,,1791
1791174179184,,True,0.795,locked,False,,locked,64,
1791174179501,,False,,locked,False,,locked,75,
1791174179757,,False,,locked,False,,locked,42,
1791174180125,,False,,locked,False,,locked,93,
1791174180365,,False,,locked,False,,locked,43,
1791174180706,,False,,locked,False,,locked,89,
1791174180956,,False,,locked,False,,locked,43,
1791174181285,,False,,locked,False,,locked,57,
1791174181587,,False,,locked,False,,locked,72,
1791174181883,,False,,locked,False,,locked,71,
1791174182181,,True,0.855,idle,False,,locked,67,
1791174182491,,True,0.82,idle,False,,edge,77,
1791174182771,,False,,idle,False,,no_car,61,
1791174183111,,False,,idle,False,,no_car,94,
1791174183360,,False,,idle,False,,no_car,43,
1791174183682,,False,,idle,False,,no_car,61,
1791174184001,,False,,idle,False,,no_car,76,
1791174184274,,False,,idle,False,,no_car,57,
1791174184606,,False,,idle,False,,no_car,84,
1791174184864,,False,,idle,False,,no_car,46,
1791174185193,,True,0.784,idle,False,,edge,72,
1791174185463,,True,0.796,idle,False,,edge,52,
1791174185822,,True,0.872,idle,False,,edge,90,
1791174186065,,True,0.892,idle,False,,edge,46,
1791174186431,,True,0.881,idle,False,,edge,91,
1791174186668,,True,0.823,idle,False,,edge,47,
1791174187006,,False,,idle,False,,no_car,84,
1791174187259,,False,,idle,False,,no_car,42,
1791174187576,,False,,idle,False,,no_car,58,
1791174187911,,False,,idle,False,,no_car,84,
1791174188157,,False,,idle,False,,no_car,44,
1791174188502,,True,0.822,tracking,False,,tracking_start,81,
1791174188764,,True,0.804,tracking,False,,waiting_stable,46,
1791174189117,,True,0.869,tracking,False,,waiting_stable,88,
1791174189361,,False,,tracking,False,,no_car,42,
1791174189709,,True,0.849,tracking,False,,unstable,89,
1791174189967,,True,0.851,tracking,False,,waiting_stable,45,
1791174190291,,True,0.849,tracking,False,,waiting_stable,63,
1791174190576,,True,0.779,tracking,False,,unstable,61,
1791174190890,,True,0.809,tracking,False,,waiting_stable,73,
1791174191172,,True,0.828,tracking,False,,waiting_stable,61,
1791174191507,,True,0.803,tracking,False,,waiting_stable,90,
1791174191766,,True,0.806,analyzing,True,9,captured,45,
1791174192078,,True,0.809,analyzing,False,,analyzing,58,
1791174192386,,True,0.836,analyzing,False,,analyzing,74,
1791174192680,,True,0.841,analyzing,False,,analyzing,70,
1791174193007,,True,0.837,analyzing,False,,analyzing,84,
1791174193263,,True,0.837,analyzing,False,,analyzing,45,
1791174193570,,True,0.779,analyzing,False,,analyzing,48,
1791174193713,,,,analyzing,,9,vlm_done,,1945
1791174193890,,False,,locked,False,,locked,67,
1791174194175,,False,,locked,False,,locked,63,
1791174194505,,False,,locked,False,,locked,84,
1791174194767,,False,,locked,False,,locked,48,
1791174195073,,False,,locked,False,,locked,49,
1791174195399,,False,,locked,False,,locked,75,
1791174195655,,False,,locked,False,,locked,45,
1791174196000,,False,,locked,False,,locked,82,
1791174196261,,False,,locked,False,,locked,48,
1791174196614,,False,,idle,False,,locked,90,
1791174196866,,False,,idle,False,,no_car,46,
1791174197185,,False,,idle,False,,no_car,68,
1791174197493,,False,,idle,False,,no_car,78,
1791174197758,,False,,idle,False,,no_car,48,
1791174198105,,False,,idle,False,,no_car,77,
1791174198363,,True,0.79,tracking,False,,tracking_start,43,
1791174198714,,True,0.803,tracking,False,,waiting_stable,87,
1791174198961,,True,0.841,tracking,False,,waiting_stable,42,
1791174199294,,True,0.791,tracking,False,,waiting_stable,75,
1791174199594,,True,0.795,analyzing,True,10,captured,71,
1791174199856,,True,0.78,analyzing,False,,analyzing,44,
1791174200220,,True,0.764,analyzing,False,,analyzing,94,
1791174200459,,True,0.775,analyzing,False,,analyzing,43,
1791174200804,,True,0.76,analyzing,False,,analyzing,84,
1791174201052,,True,0.793,analyzing,False,,analyzing,40,
1791174201401,,True,0.771,analyzing,False,,analyzing,76,
1791174201593,,,,analyzing,,10,vlm_done,,1997
1791174201672,,True,0.778,locked,False,,locked,53,
1791174201973,,True,0.76,locked,False,,locked,62,
1791174202303,,False,,locked,False,,locked,82,
1791174202556,,False,,locked,False,,locked,43,
1791174202897,,False,,locked,False,,locked,74,
1791174203162,,True,0.756,locked,False,,locked,50,
1791174203493,,False,,locked,False,,locked,70,
1791174203772,,False,,locked,False,,locked,59,
1791174204093,,True,0.865,idle,False,,locked,70,
1791174204375,,False,,idle,False,,no_car,61,
1791174204693,,False,,idle,False,,no_car,78,
1791174204984,,False,,idle,False,,no_car,67,
1791174205286,,False,,idle,False,,no_car,71,
1791174205597,,False,,idle,False,,no_car,78,
1791174205860,,False,,idle,False,,no_car,42,
1791174206199,,False,,idle,False,,no_car,76,
1791174206458,,True,0.827,idle,False,,edge,45,
1791174206808,,False,,idle,False,,no_car,85,
1791174207057,,False,,idle,False,,no_car,43,
1791174207416,,False,,idle,False,,no_car,93,
1791174207660,,False,,idle,False,,no_car,43,
1791174207991,,True,0.754,idle,False,,edge,65,
1791174208273,,False,,idle,False,,no_car,59,
1791174208606,,False,,idle,False,,no_car,80,
1791174208866,,False,,idle,False,,no_car,46,
1791174209204,,False,,idle,False,,no_car,83,
1791174209456,,True,0.828,tracking,False,,tracking_start,43,
1791174209799,,True,0.844,tracking,False,,waiting_stable,76,
1791174210070,,True,0.809,tracking,False,,waiting_stable,53,
1791174210403,,True,0.832,tracking,False,,unstable,78,
1791174210654,,True,0.858,tracking,False,,waiting_stable,42,
1791174211015,,True,0.863,tracking,False,,waiting_stable,79,
1791174211264,,True,0.867,tracking,False,,waiting_stable,44,
1791174211588,,True,0.858,tracking,False,,unstable,66,
1791174211888,,True,0.857,tracking,False,,waiting_stable,72,
1791174212194,,True,0.858,tracking,False,,waiting_stable,76,
1791174212461,,True,0.862,tracking,False,,waiting_stable,51,
1791174212805,,True,0.863,analyzing,True,11,captured,81,
1791174213058,,True,0.871,analyzing,False,,analyzing,46,
1791174213403,,True,0.861,analyzing,False,,analyzing,85,
1791174213656,,True,0.841,analyzing,False,,analyzing,44,
1791174214007,,True,0.864,analyzing,False,,analyzing,86,
1791174214258,,True,0.846,analyzing,False,,analyzing,45,
1791174214581,,False,,analyzing,False,,analyzing,65,
1791174214601,,,,analyzing,,11,vlm_done,,1794
1791174214918,,False,,locked,False,,locked,92,
1791174215158,,False,,locked,False,,locked,44,
1791174215498,,False,,locked,False,,locked,75,
1791174215759,,False,,locked,False,,locked,47,
1791174216089,,False,,locked,False,,locked,68,
1791174216386,,True,0.817,locked,False,,locked,65,
1791174216684,,True,0.875,locked,False,,locked,70,
1791174216989,,True,0.847,locked,False,,locked,74,
1791174217284,,True,0.852,idle,False,,locked,68,
1791174217600,,True,0.798,idle,False,,edge,78,
1791174217857,,False,,idle,False,,no_car,43,
1791174218202,,False,,idle,False,,no_car,77,
1791174218474,,False,,idle,False,,no_car,53,
1791174218799,,True,0.755,idle,False,,edge,81,
1791174219075,,False,,idle,False,,no_car,58,
1791174219400,,False,,idle,False,,no_car,77,
1791174219657,,False,,idle,False,,no_car,42,
1791174220002,,False,,idle,False,,no_car,78,
1791174220253,,False,,idle,False,,no_car,41,
1791174220612,,False,,idle,False,,no_car,84,
1791174220860,,False,,idle,False,,no_car,44,
1791174221202,,False,,idle,False,,no_car,77,
1791174221457,,False,,idle,False,,no_car,45,
1791174221782,,False,,idle,False,,no_car,68,
1791174222116,,False,,idle,False,,no_car,91,
1791174222362,,False,,idle,False,,no_car,43,
1791174222700,,False,,idle,False,,no_car,75,
1791174222996,,False,,idle,False,,no_car,72,
1791174223277,,False,,idle,False,,no_car,57,
1791174223598,,False,,idle,False,,no_car,76,
1791174223859,,False,,idle,False,,no_car,46,
1791174224214,,False,,idle,False,,no_car,90,
1791174224461,,False,,idle,False,,no_car,44,
1791174224774,,False,,idle,False,,no_car,51,
1791174225069,,False,,idle,False,,no_car,54,
1791174225416,,True,0.809,idle,False,,edge,90,
1791174225663,,True,0.762,idle,False,,edge,44,
1791174226001,,False,,idle,False,,no_car,80,
1791174226260,,False,,idle,False,,no_car,48,
1791174226604,,False,,idle,False,,no_car,82,
1791174226862,,False,,idle,False,,no_car,47,
1791174227211,,False,,idle,False,,no_car,85,
1791174227461,,True,0.8,idle,False,,edge,45,
1791174227797,,False,,idle,False,,no_car,69,
1791174228064,,False,,idle,False,,no_car,51,
1791174228413,,True,0.812,tracking,False,,tracking_start,86,
1791174228660,,False,,tracking,False,,no_car,45,
1791174229010,,True,0.844,tracking,False,,edge,85,
1791174229259,,False,,tracking,False,,no_car,42,
1791174229608,,True,0.829,tracking,False,,edge,77,
1791174229858,,True,0.826,tracking,False,,edge,45,
1791174230216,,True,0.802,tracking,False,,edge,88,
1791174230462,,True,0.785,tracking,False,,edge,43,
1791174230796,,True,0.806,tracking,False,,edge,76,
1791174231058,,True,0.781,tracking,False,,edge,46,
1791174231403,,False,,idle,False,,no_car,75,
1791174231661,,True,0.808,idle,False,,edge,44,
1791174232010,,True,0.795,idle,False,,edge,88,
1791174232258,,True,0.755,idle,False,,edge,44,
1791174232605,,True,0.771,idle,False,,edge,84,
1791174232860,,False,,idle,False,,no_car,44,
1791174233202,,False,,idle,False,,no_car,84,
1791174233454,,True,0.783,idle,False,,edge,42,
1791174233801,,True,0.766,idle,False,,edge,74,
1791174234074,,True,0.817,idle,False,,edge,55,
1791174234413,,False,,idle,False,,no_car,86,
1791174234655,,True,0.787,idle,False,,edge,40,
1791174234998,,False,,idle,False,,no_car,75,
1791174235267,,False,,idle,False,,no_car,52,
1791174235605,,False,,idle,False,,no_car,83,
1791174235857,,True,0.848,idle,False,,edge,43,
1791174236189,,True,0.867,idle,False,,edge,66,
1791174236482,,True,0.872,idle,False,,edge,64,
1791174236793,,True,0.845,idle,False,,edge,62,
1791174237069,,True,0.788,idle,False,,edge,56,
1791174237412,,False,,idle,False,,no_car,88,
1791174237662,,False,,idle,False,,no_car,45,
1791174238004,,False,,idle,False,,no_car,75,
1791174238253,,False,,idle,False,,no_car,42,
1791174238615,,False,,idle,False,,no_car,89,
1791174238862,,False,,idle,False,,no_car,46,
1791174239167,,False,,idle,False,,no_car,51,
1791174239494,,False,,idle,False,,no_car,70,
1791174239775,,True,0.804,tracking,False,,tracking_start,59,
1791174240118,,False,,tracking,False,,no_car,92,
1791174240359,,False,,tracking,False,,no_car,45,
1791174240701,,False,,tracking,False,,no_car,74,
1791174240958,,False,,tracking,False,,no_car,44,
1791174241288,,False,,tracking,False,,no_car,48,
1791174241593,,False,,tracking,False,,no_car,78,
1791174241866,,False,,tracking,False,,no_car,51,
1791174242218,,False,,tracking,False,,no_car,92,
1791174242461,,True,0.807,tracking,False,,edge,42,
1791174242808,,False,,idle,False,,no_car,85,
1791174243056,,True,0.885,tracking,False,,tracking_start,42,
1791174243415,,False,,tracking,False,,no_car,88,
1791174243664,,True,0.78,tracking,False,,unstable,45,
1791174243980,,True,0.798,tracking,False,,waiting_stable,53,
1791174244270,,False,,tracking,False,,no_car,54,
1791174244593,,False,,tracking,False,,no_car,78,
1791174244893,,False,,tracking,False,,no_car,72,
1791174245178,,True,0.783,tracking,False,,unstable,60,
1791174245498,,False,,tracking,False,,no_car,77,
1791174245757,,False,,tracking,False,,no_car,45,
1791174246081,,False,,tracking,False,,no_car,54,
1791174246409,,False,,tracking,False,,no_car,84,
1791174246656,,False,,tracking,False,,no_car,45,
1791174247015,,False,,tracking,False,,no_car,90,
1791174247265,,False,,tracking,False,,no_car,46,
1791174247596,,False,,tracking,False,,no_car,71,
1791174247861,,False,,tracking,False,,no_car,48,
1791174248217,,False,,idle,False,,no_car,90,
1791174248462,,False,,idle,False,,no_car,45,
1791174248806,,False,,idle,False,,no_car,83,
1791174249060,,False,,idle,False,,no_car,46,
1791174249374,,False,,idle,False,,no_car,54,
1791174249693,,True,0.77,idle,False,,edge,70,
1791174249981,,False,,idle,False,,no_car,64,
1791174250296,,False,,idle,False,,no_car,79,
1791174250559,,False,,idle,False,,no_car,47,
1791174250917,,False,,idle,False,,no_car,89,
1791174251163,,False,,idle,False,,no_car,44,
1791174251500,,False,,idle,False,,no_car,77,
1791174251766,,True,0.82,tracking,False,,tracking_start,49,
1791174252103,,False,,tracking,False,,no_car,80,
1791174252362,,False,,tracking,False,,no_car,47,
1791174252670,,False,,tracking,False,,no_car,46,
1791174252977,,False,,tracking,False,,no_car,63,
1791174253306,,True,0.843,tracking,False,,unstable,84,
1791174253557,,True,0.75,tracking,False,,waiting_stable,46,
1791174253894,,True,0.844,tracking,False,,unstable,71,
1791174254177,,True,0.765,tracking,False,,waiting_stable,62,
1791174254492,,True,0.77,tracking,False,,waiting_stable,78,
1791174254782,,True,0.778,tracking,False,,waiting_stable,65,
1791174255097,,True,0.782,analyzing,True,12,captured,75,
1791174255371,,True,0.805,analyzing,False,,analyzing,54,
1791174255710,,True,0.825,analyzing,False,,analyzing,84,
1791174255960,,True,0.803,analyzing,False,,analyzing,43,
1791174256274,,True,0.797,analyzing,False,,analyzing,49,
1791174256607,,True,0.805,analyzing,False,,analyzing,90,
1791174256863,,True,0.833,analyzing,False,,analyzing,45,
1791174257180,,True,0.845,analyzing,False,,analyzing,61,
1791174257210,,,,analyzing,,12,vlm_done,,2110
1791174257476,,True,0.86,locked,False,,locked,59,
1791174257799,,True,0.86,locked,False,,locked,78,
1791174258067,,True,0.848,locked,False,,locked,52,
1791174258409,,True,0.851,locked,False,,locked,84,
1791174258659,,True,0.879,locked,False,,locked,43,
1791174259021,,False,,locked,False,,locked,94,
1791174259261,,False,,locked,False,,locked,43,
1791174259588,,False,,locked,False,,locked,68,
1791174259877,,False,,locked,False,,locked,61,
1791174260203,,False,,locked,False,,locked,86,
1791174260464,,False,,locked,False,,locked,47,
1791174260812,,False,,locked,False,,locked,88,
1791174261071,,False,,locked,False,,locked,48,
1791174261403,,False,,locked,False,,locked,86,
1791174261675,,False,,idle,False,,locked,53,
1791174261996,,False,,idle,False,,no_car,79,
1791174262263,,False,,idle,False,,no_car,49,
1791174262613,,False,,idle,False,,no_car,89,
1791174262861,,False,,idle,False,,no_car,45,
1791174263204,,False,,idle,False,,no_car,81,
1791174263459,,False,,idle,False,,no_car,43,
1791174263813,,False,,idle,False,,no_car,88,
1791174264063,,False,,idle,False,,no_car,46,
1791174264411,,False,,idle,False,,no_car,86,
1791174264661,,True,0.785,idle,False,,edge,46,
1791174265012,,True,0.787,idle,False,,edge,85,
1791174265263,,True,0.776,idle,False,,edge,46,
1791174265610,,False,,idle,False,,no_car,86,
1791174265859,,True,0.791,idle,False,,edge,44,
1791174266221,,False,,idle,False,,no_car,86,
1791174266458,,False,,idle,False,,no_car,42,
1791174266795,,True,0.76,idle,False,,edge,77,
1791174267058,,False,,idle,False,,no_car,44,
1791174267409,,False,,idle,False,,no_car,82,
1791174267660,,True,0.765,idle,False,,edge,45,
1791174268002,,True,0.754,idle,False,,edge,83,
1791174268255,,False,,idle,False,,no_car,43,
1791174268599,,False,,idle,False,,no_car,73,
1791174268862,,False,,idle,False,,no_car,45,
1791174269207,,False,,idle,False,,no_car,84,
1791174269456,,False,,idle,False,,no_car,45,
1791174269792,,False,,idle,False,,no_car,58,
1791175002707,,,,idle,False,,dropped,,
1791175002712,,,,idle,False,,dropped,,
1791175003155,,,,idle,False,,dropped,,
1791175003460,,,,idle,False,,dropped,,
1791175003462,,,,idle,False,,dropped,,
1791175003469,,,,idle,False,,dropped,,
1791175003748,,,,idle,False,,dropped,,
1791175004364,,,,idle,False,,dropped,,
1791175004367,,,,idle,False,,dropped,,
1791175005258,,,,idle,False,,dropped,,
1791175005260,,,,idle,False,,dropped,,
1791175005263,,,,idle,False,,dropped,,
1791175005552,,,,idle,False,,dropped,,
1791175005944,,,,idle,False,,dropped,,
1791175006751,,,,idle,False,,dropped,,
1791175006755,,,,idle,False,,dropped,,
1791175006978,,False,,idle,False,,no_car,4276,
1791175007456,,True,0.839,tracking,False,,tracking_start,104,
1791175008144,,True,0.853,tracking,False,,waiting_stable,83,
1791175008166,,,,tracking,False,,dropped,,
1791175008169,,,,tracking,False,,dropped,,
1791175008255,,,,tracking,False,,dropped,,
1791175008261,,False,,tracking,False,,no_car,99,
1791175008954,,True,0.851,tracking,False,,unstable,89,
1791175009161,,,,tracking,False,,dropped,,
1791175009255,,True,0.82,tracking,False,,waiting_stable,96,
1791175009566,,True,0.876,tracking,False,,waiting_stable,116,
1791175009837,,True,0.853,tracking,False,,waiting_stable,86,
1791175011246,,True,0.865,analyzing,True,1,captured,135,
1791175011312,,,,analyzing,False,,dropped,,
1791175011314,,,,analyzing,False,,dropped,,
1791175011321,,,,analyzing,False,,dropped,,
1791175011413,,True,0.858,analyzing,False,,analyzing,114,
1791175011647,,True,0.861,analyzing,False,,analyzing,89,
1791175013131,,,,analyzing,,1,vlm_done,,1838
1791175013285,,True,0.877,locked,False,,locked,119,
1791175013304,,,,locked,False,,dropped,,
1791175013308,,,,locked,False,,dropped,,
1791175013312,,,,locked,False,,dropped,,
1791175013353,,,,locked,False,,dropped,,
1791175013434,,True,0.858,locked,False,,locked,135,
1791175014269,,,,locked,False,,dropped,,
1791175014368,,False,,locked,False,,locked,104,
1791175014791,,False,,locked,False,,locked,91,
1791175014848,,,,locked,False,,dropped,,
1791175014938,,False,,locked,False,,locked,92,
1791175015260,,True,0.891,locked,False,,locked,103,
1791175015535,,True,0.807,locked,False,,locked,85,
1791175015862,,True,0.872,locked,False,,locked,106,
1791175016141,,False,,locked,False,,locked,85,
1791175016466,,True,0.841,locked,False,,locked,110,
1791175016748,,True,0.849,locked,False,,locked,88,
1791175017192,,True,0.871,locked,False,,locked,90,
1791175017406,,True,0.883,locked,False,,locked,151,
1791175017643,,True,0.889,locked,False,,locked,91,
1791175018994,,True,0.888,locked,False,,locked,130,
1791175019011,,,,locked,False,,dropped,,
1791175019014,,,,locked,False,,dropped,,
1791175019058,,,,locked,False,,dropped,,
1791175019111,,True,0.904,locked,False,,locked,103,
1791175020356,,True,0.895,locked,False,,locked,92,
1791175020374,,,,locked,False,,dropped,,
1791175020377,,,,locked,False,,dropped,,
1791175020466,,True,0.9,locked,False,,locked,96,
1791175020869,,,,locked,False,,dropped,,
1791175020966,,True,0.891,locked,False,,locked,102,
1791175021242,,True,0.896,locked,False,,locked,84,
1791175021932,,,,locked,False,,dropped,,
1791175022056,,,,locked,False,,dropped,,
1791175022118,,True,0.887,locked,False,,locked,190,
1791175022735,,True,0.896,locked,False,,locked,85,
1791175022839,,True,0.884,locked,False,,locked,89,
1791175023044,,True,0.892,locked,False,,locked,85,
1791175023358,,True,0.897,locked,False,,locked,102,
1791175023644,,True,0.889,locked,False,,locked,86,
1791175024167,,,,locked,False,,dropped,,
1791175024295,,True,0.892,locked,False,,locked,134,
1791175024555,,True,0.89,locked,False,,locked,104,
1791175024842,,True,0.895,locked,False,,locked,86,
1791175025161,,False,,locked,False,,locked,105,
1791175025435,,False,,locked,False,,locked,88,
1791175026055,,True,0.786,locked,False,,locked,89,
1791175026261,,,,locked,False,,dropped,,
1791175026354,,True,0.792,locked,False,,locked,96,
1791175026655,,True,0.788,locked,False,,locked,94,
1791175026929,,True,0.791,locked,False,,locked,84,
1791175027591,,True,0.75,locked,False,,locked,127,
1791175027694,,False,,locked,False,,locked,91,
1791175027841,,False,,locked,False,,locked,85,
1791175028164,,False,,locked,False,,locked,109,
1791175028455,,True,0.83,locked,False,,locked,97,
1791175028736,,True,0.857,locked,False,,locked,86,
1791175029043,,True,0.753,locked,False,,locked,97,
1791175029359,,True,0.807,locked,False,,locked,104,
1791175029642,,False,,locked,False,,locked,85,
1791175031067,,,,locked,False,,dropped,,
1791175031162,,False,,locked,False,,locked,100,
1791175031572,,,,locked,False,,dropped,,
1791175031611,,False,,locked,False,,locked,141,
1791175031660,,,,locked,False,,dropped,,
1791175031664,,,,locked,False,,dropped,,
1791175031754,,False,,locked,False,,locked,98,
1791175032268,,,,locked,False,,dropped,,
1791175032363,,False,,locked,False,,locked,100,
1791175032643,,False,,locked,False,,locked,93,
1791175032959,,False,,idle,False,,locked,103,
1791175033244,,True,0.818,idle,False,,edge,87,
1791175033768,,,,idle,False,,dropped,,
1791175033857,,False,,idle,False,,no_car,95,
1791175034142,,False,,idle,False,,no_car,87,
1791175034460,,False,,idle,False,,no_car,104,
1791175034734,,False,,idle,False,,no_car,85,
1791175035868,,,,idle,False,,dropped,,
1791175035966,,True,0.844,idle,False,,edge,103,
1791175035981,,,,idle,False,,dropped,,
1791175036069,,True,0.906,idle,False,,edge,90,
1791175036345,,False,,idle,False,,no_car,185,
1791175036544,,True,0.937,idle,False,,edge,88,
1791175036832,,True,0.906,idle,False,,edge,85,
1791175037154,,True,0.896,idle,False,,edge,105,
1791175038874,,True,0.791,idle,False,,edge,88,
1791175038890,,,,idle,False,,dropped,,
1791175038898,,,,idle,False,,dropped,,
1791175038900,,,,idle,False,,dropped,,
1791175038914,,,,idle,False,,dropped,,
1791175038991,,True,0.87,idle,False,,edge,103,
1791175039249,,False,,idle,False,,no_car,91,
1791175040548,,False,,idle,False,,no_car,86,
1791175040659,,,,idle,False,,dropped,,
1791175040663,,,,idle,False,,dropped,,
1791175040666,,,,idle,False,,dropped,,
1791175040749,,False,,idle,False,,no_car,94,
1791175041042,,True,0.821,idle,False,,edge,86,
1791175041362,,True,0.929,idle,False,,edge,106,
1791175041642,,True,0.927,idle,False,,edge,86,
1791175041948,,True,0.848,tracking,False,,tracking_start,99,
1791175042235,,True,0.773,tracking,False,,unstable,86,
1791175042551,,False,,tracking,False,,no_car,105,
1791175042833,,True,0.838,tracking,False,,unstable,85,
1791175043160,,True,0.826,tracking,False,,waiting_stable,111,
1791175043689,,True,0.832,tracking,False,,waiting_stable,89,
1791175043791,,True,0.833,tracking,False,,waiting_stable,88,
1791175044042,,True,0.821,analyzing,True,2,captured,84,
1791175045466,,,,analyzing,False,,dropped,,
1791175045484,,,,analyzing,False,,dropped,,
1791175045487,,,,analyzing,False,,dropped,,
1791175045493,,,,analyzing,False,,dropped,,
1791175045572,,True,0.817,analyzing,False,,analyzing,110,
1791175045834,,,,analyzing,,2,vlm_done,,1751
1791175046065,,,,locked,False,,dropped,,
1791175046096,,True,0.809,locked,False,,locked,96,
1791175046513,,True,0.847,locked,False,,locked,129,
1791175046741,,True,0.809,locked,False,,locked,90,
1791175047039,,False,,locked,False,,locked,90,
1791175047342,,False,,locked,False,,locked,95,
1791175047639,,False,,locked,False,,locked,90,
1791175048419,,,,locked,False,,dropped,,
1791175048475,,True,0.757,locked,False,,locked,108,
1791175048577,,False,,locked,False,,locked,90,
1791175048839,,False,,locked,False,,locked,85,
1791175049165,,True,0.897,locked,False,,locked,110,
1791175050266,,,,locked,False,,dropped,,
1791175050279,,,,locked,False,,dropped,,
1791175050282,,,,locked,False,,dropped,,
1791175050367,,True,0.846,locked,False,,locked,108,
1791175050916,,False,,locked,False,,locked,87,
1791175051025,,True,0.771,locked,False,,locked,92,
1791175051240,,True,0.872,locked,False,,locked,93,
1791175051564,,True,0.885,locked,False,,locked,109,
1791175051835,,True,0.883,locked,False,,locked,86,
1791175052148,,True,0.829,locked,False,,locked,102,
1791175052442,,True,0.869,locked,False,,locked,87,
1791175053326,,True,0.848,locked,False,,locked,95,
1791175053343,,,,locked,False,,dropped,,
1791175053442,,True,0.832,locked,False,,locked,103,
1791175053634,,True,0.867,locked,False,,locked,86,
1791175053939,,True,0.801,locked,False,,locked,89,
1791175054277,,True,0.835,locked,False,,locked,123,
1791175054540,,True,0.844,locked,False,,locked,88,
1791175054840,,True,0.828,locked,False,,locked,91,
1791175056040,,True,0.82,locked,False,,locked,91,
1791175056057,,,,locked,False,,dropped,,
1791175056060,,,,locked,False,,dropped,,
1791175056150,,True,0.861,locked,False,,locked,97,
1791175056339,,True,0.829,locked,False,,locked,85,
1791175056662,,True,0.801,locked,False,,locked,108,
1791175056940,,True,0.836,locked,False,,locked,85,
1791175057265,,True,0.803,locked,False,,locked,110,
1791175057549,,False,,locked,False,,locked,97,
1791175057838,,False,,locked,False,,locked,85,
1791175058146,,False,,locked,False,,locked,95,
1791175058440,,True,0.764,locked,False,,locked,91,
1791175058734,,False,,locked,False,,locked,87,
1791175059340,,True,0.751,locked,False,,locked,89,
1791175059446,,False,,locked,False,,locked,92,
1791175059652,,False,,locked,False,,locked,97,
1791175061133,,True,0.912,locked,False,,locked,86,
1791175061245,,True,0.811,locked,False,,locked,99,
1791175061260,,,,locked,False,,dropped,,
1791175061263,,,,locked,False,,dropped,,
1791175061355,,,,locked,False,,dropped,,
1791175061357,,False,,locked,False,,locked,98,
1791175061750,,True,0.882,locked,False,,locked,86,
1791175062037,,True,0.888,locked,False,,locked,85,
1791175062348,,False,,locked,False,,locked,100,
1791175062952,,True,0.89,locked,False,,locked,89,
1791175063056,,True,0.918,locked,False,,locked,91,
1791175063251,,True,0.782,locked,False,,locked,97,
1791175064551,,True,0.756,locked,False,,locked,87,
1791175064572,,,,locked,False,,dropped,,
1791175064576,,,,locked,False,,dropped,,
1791175064665,,True,0.813,locked,False,,locked,99,
1791175064775,,True,0.855,locked,False,,locked,90,
1791175065035,,True,0.85,locked,False,,locked,84,
1791175065365,,True,0.862,locked,False,,locked,110,
1791175065672,,True,0.852,locked,False,,locked,120,
1791175065941,,True,0.866,locked,False,,locked,88,
1791175066242,,True,0.861,locked,False,,locked,88,
1791175066557,,True,0.86,locked,False,,locked,103,
1791175067066,,,,locked,False,,dropped,,
1791175067160,,True,0.871,locked,False,,locked,96,
1791175067665,,,,locked,False,,dropped,,
1791175067753,,True,0.877,locked,False,,locked,91,
1791175068033,,True,0.838,locked,False,,locked,85,
1791175068354,,True,0.866,locked,False,,locked,106,
1791175069166,,,,locked,False,,dropped,,
1791175069180,,,,locked,False,,dropped,,
1791175069266,,True,0.838,locked,False,,locked,106,
1791175069850,,True,0.873,locked,False,,locked,89,
1791175069953,,True,0.867,locked,False,,locked,90,
1791175070140,,True,0.863,locked,False,,locked,86,
1791175070456,,True,0.871,locked,False,,locked,103,
1791175070967,,,,locked,False,,dropped,,
1791175071101,,True,0.851,locked,False,,locked,137,
1791175071934,,True,0.859,locked,False,,locked,84,
1791175071954,,,,locked,False,,dropped,,
1791175072046,,True,0.885,locked,False,,locked,96,
1791175072250,,False,,locked,False,,locked,95,
1791175073066,,,,locked,False,,dropped,,
1791175073170,,True,0.756,locked,False,,locked,104,
1791175074053,,True,0.799,locked,False,,locked,91,
1791175074070,,,,locked,False,,dropped,,
1791175074073,,,,locked,False,,dropped,,
1791175074164,,True,0.777,locked,False,,locked,97,
1791175074907,,,,locked,False,,dropped,,
1791175074909,,,,locked,False,,dropped,,
1791175074996,,True,0.794,locked,False,,locked,94,
1791175075250,,True,0.765,locked,False,,locked,94,
1791175076665,,,,locked,False,,dropped,,
1791175076678,,,,locked,False,,dropped,,
1791175076683,,,,locked,False,,dropped,,
1791175076686,,,,locked,False,,dropped,,
1791175076765,,False,,locked,False,,locked,100,
1791175077865,,,,locked,False,,dropped,,
1791175077965,,False,,locked,False,,locked,102,
1791175078647,,False,,locked,False,,locked,88,
1791175078981,,False,,locked,False,,locked,112,
1791175079242,,True,0.766,locked,False,,locked,87,
1791175079262,,,,locked,False,,dropped,,
1791175079265,,,,locked,False,,dropped,,
1791175079355,,,,locked,False,,dropped,,
1791175079356,,True,0.806,locked,False,,locked,99,
1791175079818,,False,,locked,False,,locked,99,
1791175080047,,True,0.8,locked,False,,locked,91,
1791175080649,,False,,locked,False,,locked,86,
1791175080751,,False,,locked,False,,locked,88,
1791175080941,,False,,locked,False,,locked,86,
1791175081236,,False,,locked,False,,locked,88,
1791175081549,,False,,locked,False,,locked,101,
1791175082213,,True,0.869,locked,False,,locked,86,
1791175082323,,False,,locked,False,,locked,94,
1791175082452,,True,0.798,locked,False,,locked,98,
1791175083566,,,,locked,False,,dropped,,
1791175083696,,False,,locked,False,,locked,134,
1791175084850,,False,,locked,False,,locked,90,
1791175085665,,,,locked,False,,dropped,,
1791175085755,,True,0.854,locked,False,,locked,92,
1791175085774,,,,locked,False,,dropped,,
1791175085779,,,,locked,False,,dropped,,
1791175085782,,,,locked,False,,dropped,,
1791175085790,,,,locked,False,,dropped,,
1791175085792,,,,locked,False,,dropped,,
1791175085874,,False,,locked,False,,locked,104,
1791175086263,,,,locked,False,,dropped,,
1791175086402,,True,0.817,locked,False,,locked,146,
1791175086639,,True,0.837,locked,False,,locked,85,
1791175086962,,True,0.795,locked,False,,locked,108,
1791175087238,,True,0.852,locked,False,,locked,85,
1791175087539,,True,0.821,locked,False,,locked,91,
1791175087848,,True,0.868,locked,False,,locked,95,
1791175088161,,True,0.869,locked,False,,locked,105,
1791175088439,,True,0.879,locked,False,,locked,88,
1791175088958,,,,locked,False,,dropped,,
1791175089049,,True,0.873,locked,False,,locked,92,
1791175089348,,True,0.877,locked,False,,locked,93,
1791175090766,,,,locked,False,,dropped,,
1791175090782,,,,locked,False,,dropped,,
1791175090784,,,,locked,False,,dropped,,
1791175090791,,,,locked,False,,dropped,,
1791175090875,,True,0.858,locked,False,,locked,113,
1791175091765,,,,locked,False,,dropped,,
1791175091781,,,,locked,False,,dropped,,
1791175091866,,True,0.846,locked,False,,locked,105,
1791175092040,,False,,locked,False,,locked,87,
1791175092864,,,,locked,False,,dropped,,
1791175092952,,False,,locked,False,,locked,93,
1791175093159,,,,locked,False,,dropped,,
1791175093259,,False,,locked,False,,locked,101,
1791175093848,,False,,locked,False,,locked,84,
1791175094057,,,,locked,False,,dropped,,
1791175094146,,False,,locked,False,,locked,92,
1791175094448,,False,,locked,False,,locked,95,
1791175095358,,False,,locked,False,,locked,97,
1791175095559,,,,locked,False,,dropped,,
1791175095562,,,,locked,False,,dropped,,
1791175095651,,False,,locked,False,,locked,96,
1791175096160,,,,locked,False,,dropped,,
1791175096249,,False,,locked,False,,locked,94,
1791175096559,,True,0.763,idle,False,,locked,105,
1791175097658,,,,idle,False,,dropped,,
1791175097660,,,,idle,False,,dropped,,
1791175097667,,,,idle,False,,dropped,,
1791175097752,,False,,idle,False,,no_car,95,
1791175098041,,False,,idle,False,,no_car,86,
1791175098371,,True,0.845,tracking,False,,tracking_start,112,
1791175098638,,True,0.902,tracking,False,,waiting_stable,85,
1791175098951,,True,0.901,tracking,False,,waiting_stable,98,
1791175099255,,True,0.862,tracking,False,,waiting_stable,98,
1791175099546,,False,,tracking,False,,no_car,88,
1791175100551,,True,0.796,tracking,False,,unstable,189,
1791175100654,,,,tracking,False,,dropped,,
1791175100657,,,,tracking,False,,dropped,,
1791175100745,,False,,tracking,False,,no_car,94,
1791175101045,,True,0.767,tracking,False,,edge,92,
1791175101480,,True,0.786,tracking,False,,unstable,90,
1791175101638,,True,0.849,tracking,False,,waiting_stable,87,
1791175101963,,True,0.819,tracking,False,,waiting_stable,101,
1791175102235,,True,0.909,tracking,False,,edge,86,
1791175102561,,True,0.789,tracking,False,,unstable,113,
1791175102833,,False,,tracking,False,,no_car,84,
1791175103665,,,,tracking,False,,dropped,,
1791175103754,,True,0.839,tracking,False,,unstable,92,
1791175103927,,True,0.802,tracking,False,,waiting_stable,134,
1791175104054,,True,0.78,tracking,False,,waiting_stable,87,
1791175104333,,True,0.796,tracking,False,,waiting_stable,85,
1791175104666,,False,,tracking,False,,no_car,109,
1791175104931,,True,0.77,tracking,False,,unstable,84,
1791175105849,,True,0.786,tracking,False,,waiting_stable,85,
1791175105867,,,,tracking,False,,dropped,,
1791175105958,,False,,tracking,False,,no_car,96,
1791175106141,,True,0.782,tracking,False,,unstable,86,
1791175107047,,True,0.821,tracking,False,,waiting_stable,85,
1791175107064,,,,tracking,False,,dropped,,
1791175107154,,True,0.836,tracking,False,,waiting_stable,93,
1791175107344,,True,0.833,tracking,False,,waiting_stable,90,
1791175107671,,False,,tracking,False,,no_car,110,
1791175108249,,True,0.808,tracking,False,,unstable,89,
1791175108352,,True,0.86,tracking,False,,waiting_stable,89,
1791175108547,,True,0.873,tracking,False,,waiting_stable,96,
1791175108841,,True,0.846,tracking,False,,waiting_stable,86,
1791175109155,,True,0.82,analyzing,True,3,captured,96,
1791175109462,,False,,analyzing,False,,analyzing,109,
1791175109738,,False,,analyzing,False,,analyzing,84,
1791175110045,,False,,analyzing,False,,analyzing,99,
1791175110563,,,,analyzing,False,,dropped,,
1791175110680,,False,,analyzing,False,,analyzing,120,
1791175110937,,False,,analyzing,False,,analyzing,83,
1791175111472,,,,analyzing,,3,vlm_done,,2274
1791175111571,,False,,locked,False,,locked,95,
1791175111757,,,,locked,False,,dropped,,
1791175111849,,True,0.774,locked,False,,locked,94,
1791175112143,,True,0.771,locked,False,,locked,90,
1791175112440,,False,,locked,False,,locked,93,
1791175113051,,False,,locked,False,,locked,87,
1791175113318,,,,locked,False,,dropped,,
1791175113369,,False,,locked,False,,locked,107,
1791175113651,,True,0.752,locked,False,,locked,86,
1791175113943,,False,,locked,False,,locked,88,
1791175114238,,True,0.754,locked,False,,locked,87,
1791175114584,,False,,locked,False,,locked,115,
1791175114836,,False,,locked,False,,locked,86,
1791175115152,,False,,locked,False,,locked,103,
1791175115438,,False,,locked,False,,locked,89,
1791175115763,,False,,locked,False,,locked,106,
1791175116033,,True,0.759,locked,False,,locked,84,
1791175116351,,False,,locked,False,,locked,100,
1791175116635,,False,,locked,False,,locked,85,
1791175116968,,True,0.785,locked,False,,locked,111,
1791175117455,,False,,locked,False,,locked,168,
1791175117564,,True,0.774,locked,False,,locked,102,
1791175118148,,True,0.753,locked,False,,locked,88,
1791175118247,,False,,locked,False,,locked,86,
1791175118654,,,,locked,False,,dropped,,
1791175118742,,True,0.766,locked,False,,locked,89,
1791175119350,,False,,locked,False,,locked,88,
1791175119449,,False,,locked,False,,locked,86,
1791175119659,,True,0.752,locked,False,,locked,97,
1791175119939,,False,,locked,False,,locked,83,
1791175120548,,False,,locked,False,,locked,88,
1791175120744,,False,,locked,False,,locked,83,
1791175121062,,,,locked,False,,dropped,,
1791175121198,,False,,locked,False,,locked,142,
1791175121443,,True,0.751,locked,False,,locked,90,
1791175121754,,False,,locked,False,,locked,102,
1791175122034,,False,,locked,False,,locked,83,
1791175122353,,False,,locked,False,,locked,100,
1791175122949,,False,,locked,False,,locked,87,
1791175123149,,False,,locked,False,,locked,85,
1791175123254,,False,,locked,False,,locked,99,
1791175124147,,True,0.871,locked,False,,locked,85,
1791175124259,,True,0.906,locked,False,,locked,98,
1791175124352,,,,locked,False,,dropped,,
1791175124448,,True,0.943,locked,False,,locked,177,
1791175124740,,True,0.944,idle,False,,locked,87,
1791175125045,,True,0.945,idle,False,,edge,93,
1791175125338,,True,0.953,idle,False,,edge,86,
1791175126255,,True,0.959,idle,False,,edge,91,
1791175126270,,,,idle,False,,dropped,,
1791175126372,,True,0.958,idle,False,,edge,104,
1791175126542,,True,0.939,idle,False,,edge,89,
1791175126861,,True,0.936,idle,False,,edge,101,
1791175127134,,True,0.932,idle,False,,edge,87,
1791175127462,,True,0.919,idle,False,,edge,108,
1791175127957,,,,idle,False,,dropped,,
1791175127977,,True,0.934,idle,False,,edge,90,
1791175128399,,True,0.938,idle,False,,edge,141,
1791175128639,,True,0.945,idle,False,,edge,88,
1791175128931,,True,0.948,idle,False,,edge,86,
1791175129263,,True,0.944,idle,False,,edge,110,
1791175129558,,True,0.942,idle,False,,edge,97,
1791175129837,,True,0.952,idle,False,,edge,85,
1791175130148,,True,0.954,idle,False,,edge,97,
1791175130663,,,,idle,False,,dropped,,
1791175130752,,True,0.946,idle,False,,edge,94,
1791175131039,,True,0.928,idle,False,,edge,87,
1791175131355,,True,0.943,idle,False,,edge,103,
1791175131649,,True,0.946,idle,False,,edge,88,
1791175132162,,,,idle,False,,dropped,,
1791175132250,,True,0.941,idle,False,,edge,93,
1791175132762,,,,idle,False,,dropped,,
1791175132840,,True,0.942,idle,False,,edge,137,
1791175133147,,True,0.881,idle,False,,edge,96,
1791175133453,,False,,idle,False,,no_car,100,
1791175133964,,,,idle,False,,dropped,,
1791175134051,,False,,idle,False,,no_car,93,
1791175134650,,True,0.95,idle,False,,edge,88,
1791175134854,,,,idle,False,,dropped,,
1791175134944,,True,0.942,idle,False,,edge,94,
1791175135235,,True,0.936,tracking,False,,tracking_start,85,
1791175135568,,True,0.866,tracking,False,,unstable,106,
1791175135835,,True,0.925,tracking,False,,unstable,86,
1791175136172,,True,0.911,tracking,False,,waiting_stable,113,
1791175136451,,True,0.921,tracking,False,,waiting_stable,90,
1791175136742,,True,0.916,tracking,False,,waiting_stable,87,
1791175137052,,True,0.908,analyzing,True,4,captured,95,
1791175137342,,True,0.925,analyzing,False,,analyzing,89,
1791175137680,,True,0.918,analyzing,False,,analyzing,115,
1791175138851,,True,0.917,analyzing,False,,analyzing,90,
1791175138870,,,,analyzing,False,,dropped,,
1791175138877,,,,analyzing,False,,dropped,,
1791175138967,,True,0.858,analyzing,False,,analyzing,101,
1791175139141,,False,,analyzing,False,,analyzing,86,
1791175139322,,,,analyzing,,4,vlm_done,,2231
1791175139453,,False,,locked,False,,locked,102,
1791175139739,,False,,locked,False,,locked,85,
1791175140264,,,,locked,False,,dropped,,
1791175140352,,False,,locked,False,,locked,94,
1791175140646,,False,,locked,False,,locked,95,
1791175140957,,False,,locked,False,,locked,97,
1791175141460,,,,locked,False,,dropped,,
1791175141505,,False,,locked,False,,locked,144,
1791175141880,,False,,locked,False,,locked,121,
1791175142140,,False,,locked,False,,locked,86,
1791175142440,,False,,idle,False,,locked,92,
1791175142741,,False,,idle,False,,no_car,93,
1791175143261,,,,idle,False,,dropped,,
1791175143350,,False,,idle,False,,no_car,93,
1791175143656,,False,,idle,False,,no_car,98,
1791175143987,,False,,idle,False,,no_car,110,
1791175562270,,,,idle,False,,dropped,,
1791175562611,,,,idle,False,,dropped,,
1791175562866,,,,idle,False,,dropped,,
1791175563172,,,,idle,False,,dropped,,
1791175563468,,,,idle,False,,dropped,,
1791175563764,,,,idle,False,,dropped,,
1791175564076,,,,idle,False,,dropped,,
1791175564365,,,,idle,False,,dropped,,
1791175564671,,,,idle,False,,dropped,,
1791175565118,,,,idle,False,,dropped,,
1791175565274,,,,idle,False,,dropped,,
1791175565565,,,,idle,False,,dropped,,
1791175565869,,,,idle,False,,dropped,,
1791175566105,,False,,idle,False,,no_car,4103,
1791175566250,,True,0.899,idle,False,,edge,88,
1791175566551,,False,,idle,False,,no_car,91,
1791175566860,,True,0.934,tracking,False,,tracking_start,99,
1791175567149,,True,0.828,tracking,False,,waiting_stable,84,
1791175567470,,False,,tracking,False,,no_car,106,
1791175567746,,True,0.838,tracking,False,,unstable,85,
1791175568068,,False,,tracking,False,,no_car,107,
1791175568354,,False,,tracking,False,,no_car,91,
1791175568657,,True,0.831,tracking,False,,unstable,93,
1791175568950,,False,,tracking,False,,no_car,88,
1791175569259,,True,0.852,tracking,False,,unstable,99,
1791175569551,,False,,tracking,False,,no_car,88,
1791175569848,,True,0.798,tracking,False,,edge,83,
1791175570191,,True,0.77,tracking,False,,edge,114,
1791175570448,,True,0.807,tracking,False,,edge,84,
1791175570761,,True,0.8,tracking,False,,edge,94,
1791175571047,,False,,tracking,False,,no_car,86,
1791175571357,,True,0.786,tracking,False,,unstable,97,
1791175571667,,True,0.784,tracking,False,,edge,101,
1791175571950,,True,0.817,tracking,False,,unstable,83,
1791175572265,,True,0.814,tracking,False,,edge,101,
1791175572578,,True,0.755,tracking,False,,edge,105,
1791175572862,,True,0.878,tracking,False,,unstable,92,
1791175573151,,True,0.864,tracking,False,,waiting_stable,88,
1791175573449,,True,0.878,tracking,False,,waiting_stable,88,
1791175573757,,True,0.885,tracking,False,,waiting_stable,97,
1791175574090,,True,0.887,analyzing,True,1,captured,83,
1791175574366,,True,0.876,analyzing,False,,analyzing,100,
1791175574647,,True,0.915,analyzing,False,,analyzing,83,
1791175574962,,True,0.781,analyzing,False,,analyzing,101,
1791175575248,,True,0.906,analyzing,False,,analyzing,86,
1791175575559,,True,0.849,analyzing,False,,analyzing,99,
1791175575848,,False,,analyzing,False,,analyzing,84,
1791175576207,,False,,analyzing,False,,analyzing,121,
1791175576445,,False,,analyzing,False,,analyzing,82,
1791175576579,,,,analyzing,,1,vlm_done,,2480
1791175576811,,False,,locked,False,,locked,150,
1791175577048,,False,,locked,False,,locked,81,
1791175577358,,False,,locked,False,,locked,99,
1791175577645,,False,,locked,False,,locked,83,
1791175577955,,False,,locked,False,,locked,93,
1791175578258,,False,,locked,False,,locked,93,
1791175578568,,False,,idle,False,,locked,101,
1791175578848,,False,,idle,False,,no_car,86,
1791175579158,,False,,idle,False,,no_car,98,
1791175579448,,False,,idle,False,,no_car,83,
1791175579754,,False,,idle,False,,no_car,94,
1791175580046,,True,0.794,idle,False,,edge,85,
1791175580362,,True,0.904,idle,False,,edge,101,
1791175580650,,True,0.869,idle,False,,edge,83,
1791175580990,,True,0.904,idle,False,,edge,112,
1791175581258,,True,0.878,idle,False,,edge,83,
1791175581547,,True,0.906,tracking,False,,tracking_start,87,
1791175581903,,True,0.912,tracking,False,,waiting_stable,120,
1791175582158,,True,0.917,tracking,False,,waiting_stable,87,
1791175582454,,True,0.921,tracking,False,,waiting_stable,88,
1791175582764,,True,0.89,analyzing,True,2,captured,94,
1791175583050,,True,0.929,analyzing,False,,analyzing,86,
1791175583392,,True,0.897,analyzing,False,,analyzing,115,
1791175583646,,True,0.911,analyzing,False,,analyzing,84,
1791175583977,,True,0.908,analyzing,False,,analyzing,110,
1791175584259,,True,0.917,analyzing,False,,analyzing,83,
1791175584574,,True,0.927,analyzing,False,,analyzing,101,
1791175584763,,,,analyzing,,2,vlm_done,,1967
1791175584856,,True,0.923,locked,False,,locked,91,
1791175585159,,True,0.938,locked,False,,locked,92,
1791175585472,,True,0.91,locked,False,,locked,101,
1791175585752,,True,0.897,locked,False,,locked,88,
1791175586058,,False,,locked,False,,locked,96,
1791175586345,,False,,locked,False,,locked,83,
1791175586678,,False,,locked,False,,locked,114,
1791175586947,,False,,locked,False,,locked,83,
1791175587265,,False,,locked,False,,locked,104,
1791175587547,,False,,idle,False,,locked,84,
1791175587873,,False,,idle,False,,no_car,108,
1791175588149,,False,,idle,False,,no_car,84,
1791175588445,,False,,idle,False,,no_car,85,
1791175588762,,False,,idle,False,,no_car,102,
1791175589048,,False,,idle,False,,no_car,83,
1791175589371,,False,,idle,False,,no_car,105,
1791175589646,,False,,idle,False,,no_car,85,
1791175589964,,False,,idle,False,,no_car,103,
1791175590247,,False,,idle,False,,no_car,83,
1791175590573,,False,,idle,False,,no_car,107,
1791175590845,,False,,idle,False,,no_car,82,
1791175591167,,False,,idle,False,,no_car,105,
1791175591448,,False,,idle,False,,no_car,83,
1791175591773,,False,,idle,False,,no_car,108,
1791175592059,,False,,idle,False,,no_car,87,
1791175592345,,False,,idle,False,,no_car,84,
1791175592680,,False,,idle,False,,no_car,115,
1791175592961,,False,,idle,False,,no_car,93,
1791175593260,,False,,idle,False,,no_car,85,
1791175593545,,False,,idle,False,,no_car,84,
1791175593875,,False,,idle,False,,no_car,110,
1791175594154,,False,,idle,False,,no_car,86,
1791175594488,,False,,idle,False,,no_car,114,
1791175594745,,False,,idle,False,,no_car,85,
1791175595080,,False,,idle,False,,no_car,114,
1791175595344,,False,,idle,False,,no_car,82,
1791175595662,,False,,idle,False,,no_car,102,
1791175595946,,False,,idle,False,,no_car,82,
1791175596278,,False,,idle,False,,no_car,113,
1791175596556,,False,,idle,False,,no_car,85,
1791175596889,,False,,idle,False,,no_car,114,
1791175597146,,True,0.809,idle,False,,edge,83,
1791175597473,,False,,idle,False,,no_car,108,
1791175597747,,False,,idle,False,,no_car,83,
1791175598044,,False,,idle,False,,no_car,84,
1791175598381,,False,,idle,False,,no_car,118,
1791175598656,,False,,idle,False,,no_car,85,
1791175598962,,False,,idle,False,,no_car,96,
1791175599245,,False,,idle,False,,no_car,84,
1791175599570,,False,,idle,False,,no_car,109,
1791175599848,,False,,idle,False,,no_car,83,
1791175600186,,False,,idle,False,,no_car,115,
1791175600444,,True,0.882,tracking,False,,tracking_start,84,
1791175600771,,False,,tracking,False,,no_car,109,
1791175601048,,True,0.756,tracking,False,,edge,82,
1791175601369,,False,,tracking,False,,no_car,103,
1791175601645,,True,0.804,tracking,False,,edge,84,
1791175601966,,True,0.813,tracking,False,,edge,104,
1791175602252,,True,0.75,tracking,False,,edge,84,
1791175602563,,False,,tracking,False,,no_car,98,
1791175602848,,True,0.755,tracking,False,,unstable,86,
1791175603148,,False,,tracking,False,,no_car,85,
1791175603463,,False,,tracking,False,,no_car,99,
1791175603760,,True,0.899,tracking,False,,unstable,85,
1791175604055,,False,,tracking,False,,no_car,86,
1791175604350,,True,0.751,tracking,False,,unstable,87,
1791175604679,,True,0.804,tracking,False,,waiting_stable,115,
1791175604950,,False,,tracking,False,,no_car,84,
1791175605256,,True,0.822,tracking,False,,unstable,97,
1791175605546,,True,0.832,tracking,False,,unstable,83,
1791175605882,,True,0.826,tracking,False,,waiting_stable,112,
1791175606166,,True,0.794,tracking,False,,unstable,88,
1791175606451,,False,,tracking,False,,no_car,85,
1791175606757,,True,0.803,tracking,False,,unstable,96,
1791175607051,,False,,tracking,False,,no_car,87,
1791175607346,,True,0.76,tracking,False,,unstable,86,
1791175607701,,False,,tracking,False,,no_car,123,
1791175607947,,False,,tracking,False,,no_car,83,
1791175608247,,True,0.758,tracking,False,,unstable,83,
1791175608574,,False,,tracking,False,,no_car,109,
1791175608844,,False,,tracking,False,,no_car,82,
1791175609156,,True,0.778,tracking,False,,unstable,94,
1791175609448,,False,,tracking,False,,no_car,84,
1791175609771,,False,,tracking,False,,no_car,105,
1791175610044,,False,,tracking,False,,no_car,82,
1791175610370,,False,,tracking,False,,no_car,105,
1791175610656,,False,,tracking,False,,no_car,85,
1791175610981,,False,,tracking,False,,no_car,110,
1791175611251,,False,,tracking,False,,no_car,85,
1791175611563,,False,,tracking,False,,no_car,102,
1791175611846,,True,0.768,tracking,False,,edge,82,
1791175612173,,True,0.765,idle,False,,edge,108,
1791175612461,,True,0.778,idle,False,,edge,89,
1791175612752,,True,0.847,idle,False,,edge,88,
1791175613055,,True,0.879,idle,False,,edge,90,
1791175613389,,True,0.885,idle,False,,edge,118,
1791175613647,,True,0.789,idle,False,,edge,84,
1791175613978,,True,0.853,tracking,False,,tracking_start,109,
1791175614252,,True,0.79,tracking,False,,waiting_stable,84,
1791175614566,,True,0.81,tracking,False,,waiting_stable,101,
1791175614852,,True,0.841,tracking,False,,waiting_stable,85,
1791175615163,,True,0.842,analyzing,True,3,captured,93,
1791175615453,,True,0.848,analyzing,False,,analyzing,87,
1791175615753,,True,0.827,analyzing,False,,analyzing,89,
1791175616060,,True,0.845,analyzing,False,,analyzing,96,
1791175616358,,True,0.815,analyzing,False,,analyzing,89,
1791175616652,,True,0.827,analyzing,False,,analyzing,86,
1791175616964,,True,0.804,analyzing,False,,analyzing,100,
1791175617013,,,,analyzing,,3,vlm_done,,1815
1791175617262,,True,0.852,locked,False,,locked,87,
1791175617553,,True,0.809,locked,False,,locked,83,
1791175617857,,True,0.835,locked,False,,locked,92,
1791175618180,,True,0.843,locked,False,,locked,104,
1791175618453,,True,0.803,locked,False,,locked,86,
1791175618747,,False,,locked,False,,locked,86,
1791175619096,,False,,locked,False,,locked,119,
1791175619350,,False,,locked,False,,locked,84,
1791175619688,,False,,locked,False,,locked,116,
1791175619943,,False,,locked,False,,locked,82,
1791175620276,,False,,locked,False,,locked,110,
1791175620546,,False,,locked,False,,locked,86,
1791175620882,,False,,locked,False,,locked,110,
1791175621144,,False,,locked,False,,locked,82,
1791175621470,,False,,idle,False,,locked,106,
1791175621748,,False,,idle,False,,no_car,83,
1791175622092,,False,,idle,False,,no_car,119,
1791175622345,,False,,idle,False,,no_car,83,
1791175622673,,False,,idle,False,,no_car,108,
1791175622951,,True,0.83,idle,False,,edge,82,
1791175623273,,False,,idle,False,,no_car,104,
1791175623551,,True,0.852,idle,False,,edge,84,
1791175623893,,False,,idle,False,,no_car,114,
1791175624163,,False,,idle,False,,no_car,85,
1791175624447,,False,,idle,False,,no_car,85,
1791175624769,,True,0.76,idle,False,,edge,107,
1791175625055,,True,0.803,idle,False,,edge,86,
1791175716642,,False,,idle,False,,no_car,90,
1791175716928,,False,,idle,False,,no_car,85,
1791175717297,,False,,idle,False,,no_car,131,
1791175717528,,False,,idle,False,,no_car,84,
1791175717829,,False,,idle,False,,no_car,86,
1791175718104,,False,,idle,False,,no_car,84,
1791175718417,,False,,idle,False,,no_car,90,
1791175718720,,False,,idle,False,,no_car,94,
1791175719006,,False,,idle,False,,no_car,83,
1791175719309,,False,,idle,False,,no_car,87,
1791175719610,,False,,idle,False,,no_car,88,
1791175719949,,False,,idle,False,,no_car,123,
1791175720208,,False,,idle,False,,no_car,85,
1791175720530,,False,,idle,False,,no_car,106,
1791175720810,,False,,idle,False,,no_car,84,
1791175721153,,False,,idle,False,,no_car,116,
1791175721411,,False,,idle,False,,no_car,85,
1791175721716,,False,,idle,False,,no_car,95,
1791175722014,,False,,idle,False,,no_car,90,
1791175722324,,False,,idle,False,,no_car,100,
1791175722610,,False,,idle,False,,no_car,83,
1791175722904,,False,,idle,False,,no_car,84,
1791175723237,,False,,idle,False,,no_car,115,
1791175723518,,False,,idle,False,,no_car,92,
1791175723824,,False,,idle,False,,no_car,96,
1791175724113,,False,,idle,False,,no_car,85,
1791175724417,,True,0.865,idle,False,,edge,95,
1791175724712,,True,0.901,idle,False,,edge,84,
1791175725031,,True,0.926,idle,False,,edge,105,
1791175725311,,True,0.927,idle,False,,edge,84,
1791175725607,,True,0.941,idle,False,,edge,87,
1791175725935,,True,0.907,idle,False,,edge,107,
1791175726206,,True,0.934,idle,False,,edge,83,
1791175726532,,True,0.914,idle,False,,edge,108,
1791175726812,,True,0.893,idle,False,,edge,84,
1791175727132,,True,0.877,tracking,False,,tracking_start,106,
1791175727410,,True,0.908,tracking,False,,waiting_stable,86,
1791175727733,,True,0.888,tracking,False,,waiting_stable,107,
1791175728002,,True,0.868,tracking,False,,waiting_stable,82,
1791175728358,,True,0.871,analyzing,True,4,captured,125,
1791175728613,,True,0.861,analyzing,False,,analyzing,85,
1791175728949,,True,0.896,analyzing,False,,analyzing,121,
1791175729206,,True,0.92,analyzing,False,,analyzing,85,
1791175729524,,True,0.91,analyzing,False,,analyzing,97,
1791175729812,,True,0.918,analyzing,False,,analyzing,88,
1791175730123,,True,0.923,analyzing,False,,analyzing,98,
1791175730419,,True,0.93,analyzing,False,,analyzing,94,
1791175730584,,,,analyzing,,4,vlm_done,,2186
1791175730719,,True,0.905,locked,False,,locked,91,
1791175731012,,True,0.919,locked,False,,locked,90,
1791175731323,,True,0.928,locked,False,,locked,97,
1791175731607,,True,0.925,locked,False,,locked,83,
1791175731946,,True,0.934,locked,False,,locked,120,
1791175732209,,True,0.921,locked,False,,locked,82,
1791175732526,,True,0.908,locked,False,,locked,99,
1791175732816,,True,0.918,locked,False,,locked,85,
1791175733126,,True,0.883,locked,False,,locked,100,
1791175733415,,True,0.857,locked,False,,locked,89,
1791175733722,,True,0.854,locked,False,,locked,95,
1791175734012,,False,,locked,False,,locked,89,
1791175734329,,False,,idle,False,,locked,103,
1791175734613,,False,,idle,False,,no_car,86,
1791175734911,,False,,idle,False,,no_car,90,
1791175735229,,False,,idle,False,,no_car,104,
1791175735518,,False,,idle,False,,no_car,92,
1791175735821,,False,,idle,False,,no_car,95,
1791175736105,,False,,idle,False,,no_car,82,
1791175736430,,False,,idle,False,,no_car,107,
1791175736709,,False,,idle,False,,no_car,86,
1791175737043,,False,,idle,False,,no_car,118,
1791175737309,,False,,idle,False,,no_car,85,
1791175737617,,False,,idle,False,,no_car,95,
1791175737913,,False,,idle,False,,no_car,88,
1791175738225,,False,,idle,False,,no_car,99,
1791175738520,,False,,idle,False,,no_car,98,
1791175738805,,False,,idle,False,,no_car,83,
1791175739116,,False,,idle,False,,no_car,90,
1791175739412,,False,,idle,False,,no_car,86,
1791175739715,,False,,idle,False,,no_car,94,
1791175740030,,True,0.788,idle,False,,edge,106,
1791175740325,,False,,idle,False,,no_car,99,
1791175740612,,False,,idle,False,,no_car,83,
1791175740908,,False,,idle,False,,no_car,89,
1791175741236,,True,0.828,idle,False,,edge,112,
1791175741516,,True,0.82,idle,False,,edge,89,
1791175741810,,True,0.923,idle,False,,edge,84,
1791175742133,,True,0.948,idle,False,,edge,110,
1791175742406,,True,0.922,idle,False,,edge,83,
1791175742742,,True,0.907,idle,False,,edge,115,
1791175743016,,True,0.904,idle,False,,edge,89,
1791175743312,,True,0.927,idle,False,,edge,85,
1791175743631,,True,0.909,idle,False,,edge,106,
1791175743911,,True,0.929,tracking,False,,tracking_start,83,
1791175744230,,True,0.923,tracking,False,,waiting_stable,104,
1791175744517,,True,0.848,tracking,False,,edge,87,
1791175744809,,True,0.903,tracking,False,,unstable,83,
1791175745147,,True,0.863,tracking,False,,waiting_stable,121,
1791175745410,,True,0.902,tracking,False,,waiting_stable,85,
1791175745728,,True,0.928,tracking,False,,waiting_stable,103,
1791175746019,,True,0.925,analyzing,True,5,captured,86,
1791175746324,,True,0.883,analyzing,False,,analyzing,98,
1791175746658,,True,0.898,analyzing,False,,analyzing,129,
1791175746914,,False,,analyzing,False,,analyzing,89,
1791175747223,,True,0.888,analyzing,False,,analyzing,100,
1791175747514,,True,0.901,analyzing,False,,analyzing,88,
1791175747815,,True,0.912,analyzing,False,,analyzing,90,
1791175747897,,,,analyzing,,5,vlm_done,,1844
1791175748185,,True,0.901,locked,False,,locked,151,
1791175748424,,True,0.865,locked,False,,locked,101,
1791175748717,,True,0.872,locked,False,,locked,91,
1791175749008,,False,,locked,False,,locked,84,
1791175749321,,False,,locked,False,,locked,99,
1791175749607,,False,,locked,False,,locked,85,
1791175749933,,False,,locked,False,,locked,107,
1791175750218,,False,,idle,False,,locked,90,
1791175750521,,False,,idle,False,,no_car,95,
1791175750805,,False,,idle,False,,no_car,84,
1791175751137,,False,,idle,False,,no_car,111,
1791175751411,,False,,idle,False,,no_car,84,
1791175751718,,False,,idle,False,,no_car,97,
1791175752007,,True,0.773,idle,False,,edge,85,
1791175752332,,True,0.907,idle,False,,edge,105,
1791175752612,,True,0.841,idle,False,,edge,87,
1791175752922,,True,0.899,idle,False,,edge,96,
1791175753227,,True,0.926,idle,False,,edge,98,
1791175753514,,True,0.918,idle,False,,edge,89,
1791175753805,,True,0.932,idle,False,,edge,84,
1791175754130,,True,0.93,idle,False,,edge,111,
1791175754408,,True,0.916,idle,False,,edge,88,
1791175754739,,True,0.937,idle,False,,edge,115,
1791175755008,,True,0.885,tracking,False,,tracking_start,85,
1791175755337,,True,0.866,tracking,False,,waiting_stable,103,
1791175755606,,True,0.842,tracking,False,,waiting_stable,84,
1791175755945,,True,0.886,tracking,False,,waiting_stable,113,
1791175756225,,True,0.905,analyzing,True,6,captured,96,
1791175756513,,True,0.91,analyzing,False,,analyzing,87,
1791175756852,,True,0.907,analyzing,False,,analyzing,127,
1791175757105,,True,0.899,analyzing,False,,analyzing,84,
1791175757416,,True,0.896,analyzing,False,,analyzing,91,
1791175757724,,True,0.895,analyzing,False,,analyzing,101,
1791175758011,,True,0.895,analyzing,False,,analyzing,89,
1791175758349,,True,0.882,analyzing,False,,analyzing,118,
1791175758618,,True,0.848,analyzing,False,,analyzing,90,
1791175758642,,,,analyzing,,6,vlm_done,,2375
1791175758937,,True,0.894,locked,False,,locked,103,
1791175759205,,False,,locked,False,,locked,82,
1791175759560,,False,,locked,False,,locked,128,
1791175759817,,False,,locked,False,,locked,88,
1791175760143,,False,,locked,False,,locked,108,
1791175760413,,False,,locked,False,,locked,91,
1791175760724,,False,,locked,False,,locked,99,
1791175761024,,False,,idle,False,,locked,89,
1791175761315,,False,,idle,False,,no_car,89,
1791175761609,,False,,idle,False,,no_car,86,
1791175761922,,False,,idle,False,,no_car,98,
1791175762212,,False,,idle,False,,no_car,83,
1791175762522,,False,,idle,False,,no_car,100,
1791175762820,,False,,idle,False,,no_car,96,
1791175763110,,False,,idle,False,,no_car,85,
1791175763438,,False,,idle,False,,no_car,110,
1791175763714,,False,,idle,False,,no_car,89,
1791175764015,,False,,idle,False,,no_car,91,
1791175764320,,False,,idle,False,,no_car,95,
1791175764608,,False,,idle,False,,no_car,82,
1791175764912,,False,,idle,False,,no_car,93,
1791175765232,,False,,idle,False,,no_car,109,
1791175765520,,False,,idle,False,,no_car,94,
1791175765816,,False,,idle,False,,no_car,88,
1791175766104,,False,,idle,False,,no_car,83,
1791175766439,,False,,idle,False,,no_car,117,
1791175766706,,False,,idle,False,,no_car,82,
1791175767036,,False,,idle,False,,no_car,111,
1791175767321,,True,0.87,idle,False,,edge,85,
1791175767606,,True,0.926,idle,False,,edge,83,
1791175767942,,True,0.925,idle,False,,edge,116,
1791175768223,,True,0.948,idle,False,,edge,87,
1791175768520,,True,0.938,idle,False,,edge,94,
1791175768844,,True,0.923,idle,False,,edge,109,
1791175769113,,True,0.919,idle,False,,edge,85,
1791175769441,,True,0.922,idle,False,,edge,108,
1791175769708,,True,0.942,idle,False,,edge,83,
1791175770024,,True,0.937,idle,False,,edge,101,
1791175770311,,True,0.95,idle,False,,edge,84,
1791175770630,,True,0.924,idle,False,,edge,99,
1791175770932,,True,0.949,idle,False,,edge,95,
1791175771223,,True,0.941,idle,False,,edge,88,
1791175771529,,True,0.955,idle,False,,edge,100,
1791175771807,,True,0.928,idle,False,,edge,84,
1791175772129,,True,0.939,idle,False,,edge,104,
1791175772413,,True,0.943,idle,False,,edge,87,
1791175772716,,True,0.933,idle,False,,edge,93,
1791175773048,,True,0.922,idle,False,,edge,113,
1791175773311,,True,0.92,idle,False,,edge,88,
1791175773639,,True,0.947,idle,False,,edge,103,
1791175773912,,True,0.948,idle,False,,edge,82,
1791175774228,,True,0.951,idle,False,,edge,104,
1791175774536,,True,0.942,idle,False,,edge,99,
1791175774820,,True,0.937,idle,False,,edge,85,
1791175775121,,True,0.937,idle,False,,edge,93,
1791175775408,,True,0.943,idle,False,,edge,84,
1791175775751,,True,0.939,idle,False,,edge,115,
1791175776025,,True,0.938,idle,False,,edge,86,
1791175776308,,True,0.931,idle,False,,edge,84,
1791175776632,,True,0.936,idle,False,,edge,109,
1791175776909,,True,0.938,idle,False,,edge,87,
1791175777250,,True,0.929,idle,False,,edge,112,
1791175777533,,False,,idle,False,,no_car,96,
1791175777811,,False,,idle,False,,no_car,89,
1791175778154,,False,,idle,False,,no_car,121,
1791175778407,,False,,idle,False,,no_car,84,
1791175778743,,False,,idle,False,,no_car,119,
1791175779023,,False,,idle,False,,no_car,87,
1791175779304,,False,,idle,False,,no_car,84,
1791175779638,,False,,idle,False,,no_car,113,
1791175779913,,False,,idle,False,,no_car,89,
1791175780244,,False,,idle,False,,no_car,113,
1791175780522,,False,,idle,False,,no_car,89,
1791175780814,,False,,idle,False,,no_car,82,
1791175781116,,False,,idle,False,,no_car,92,
1791175781440,,False,,idle,False,,no_car,108,
1791175781718,,False,,idle,False,,no_car,83,
1791175782019,,False,,idle,False,,no_car,94,
1791175782317,,False,,idle,False,,no_car,92,
1791175782614,,False,,idle,False,,no_car,93,
1791175782904,,False,,idle,False,,no_car,83,
1791175783254,,True,0.922,idle,False,,edge,119,
1791175783519,,True,0.922,idle,False,,edge,96,
1791175783826,,True,0.916,idle,False,,edge,101,
1791175784134,,True,0.921,idle,False,,edge,98,
1791175784413,,True,0.917,idle,False,,edge,82,
1791175784723,,True,0.931,idle,False,,edge,99,
1791175785009,,True,0.946,idle,False,,edge,85,
1791175785344,,True,0.931,idle,False,,edge,109,
1791175785632,,True,0.922,idle,False,,edge,96,
1791175785916,,True,0.932,idle,False,,edge,86,
1791175786238,,True,0.949,idle,False,,edge,102,
1791175786520,,True,0.959,idle,False,,edge,84,
1791175786805,,True,0.943,idle,False,,edge,83,
1791175787159,,True,0.957,idle,False,,edge,124,
1791175787410,,True,0.94,idle,False,,edge,84,
1791175787740,,True,0.951,tracking,False,,tracking_start,103,
1791175788017,,True,0.952,tracking,False,,waiting_stable,88,
1791175788336,,True,0.952,tracking,False,,waiting_stable,106,
1791175788617,,True,0.964,tracking,False,,waiting_stable,87,
1791175788946,,True,0.964,analyzing,True,7,captured,104,
1791175789263,,True,0.941,analyzing,False,,analyzing,142,
1791175789532,,True,0.958,analyzing,False,,analyzing,94,
1791175789820,,True,0.936,analyzing,False,,analyzing,82,
1791175790131,,True,0.961,analyzing,False,,analyzing,99,
1791175790426,,True,0.889,analyzing,False,,analyzing,96,
1791175790713,,True,0.909,analyzing,False,,analyzing,90,
1791175790915,,,,analyzing,,7,vlm_done,,1937
1791175791007,,True,0.925,locked,False,,locked,85,
1791175791331,,True,0.922,locked,False,,locked,97,
1791175791623,,True,0.857,locked,False,,locked,87,
1791175791910,,True,0.789,locked,False,,locked,86,
1791175792234,,True,0.771,locked,False,,locked,111,
1791175792512,,False,,locked,False,,locked,84,
1791175792837,,False,,idle,False,,locked,108,
1791175793107,,False,,idle,False,,no_car,83,
1791175793441,,False,,idle,False,,no_car,111,
1791175793718,,False,,idle,False,,no_car,87,
1791175794005,,False,,idle,False,,no_car,83,
1791175794336,,False,,idle,False,,no_car,111,
1791175794610,,False,,idle,False,,no_car,82,
1791175794946,,False,,idle,False,,no_car,113,
1791175795224,,False,,idle,False,,no_car,89,
1791175795515,,False,,idle,False,,no_car,90,
1791175795827,,False,,idle,False,,no_car,100,
1791175796129,,False,,idle,False,,no_car,93,
1791175796403,,False,,idle,False,,no_car,82,
1791175796739,,False,,idle,False,,no_car,116,
1791175797012,,False,,idle,False,,no_car,85,
1791175797347,,False,,idle,False,,no_car,112,
1791175797609,,False,,idle,False,,no_car,82,
1791175797919,,False,,idle,False,,no_car,95,
1791175798243,,False,,idle,False,,no_car,108,
1791175798512,,False,,idle,False,,no_car,82,
1791175798835,,False,,idle,False,,no_car,111,
1791175799109,,False,,idle,False,,no_car,85,
1791175799418,,False,,idle,False,,no_car,96,
1791175799716,,False,,idle,False,,no_car,90,
1791175800006,,False,,idle,False,,no_car,83,
1791175800339,,False,,idle,False,,no_car,115,
1791175800606,,False,,idle,False,,no_car,82,
1791175800909,,False,,idle,False,,no_car,88,
1791175801211,,False,,idle,False,,no_car,91,
1791175801519,,True,0.825,idle,False,,edge,95,
1791175801854,,True,0.8,idle,False,,edge,118,
1791175802106,,True,0.828,idle,False,,edge,84,
1791175802414,,True,0.892,idle,False,,edge,92,
1791175802715,,True,0.863,idle,False,,edge,91,
1791175803034,,True,0.839,idle,False,,edge,104,
1791175803318,,True,0.831,idle,False,,edge,91,
1791175803610,,True,0.839,idle,False,,edge,85,
1791175803915,,True,0.883,idle,False,,edge,92,
1791175804211,,True,0.86,idle,False,,edge,84,
1791175804515,,True,0.857,idle,False,,edge,93,
1791175804814,,True,0.9,idle,False,,edge,91,
1791175805133,,True,0.898,idle,False,,edge,102,
1791175805421,,True,0.769,idle,False,,edge,85,
1791175805713,,True,0.82,idle,False,,edge,87,
1791175806025,,True,0.829,tracking,False,,tracking_start,102,
1791175806326,,True,0.838,tracking,False,,waiting_stable,93,
1791175806609,,True,0.856,tracking,False,,waiting_stable,85,
1791175806943,,True,0.811,tracking,False,,waiting_stable,108,
1791175807214,,True,0.815,analyzing,True,8,captured,84,
1791175807557,,True,0.844,analyzing,False,,analyzing,125,
1791175807826,,True,0.864,analyzing,False,,analyzing,102,
1791175808121,,True,0.816,analyzing,False,,analyzing,92,
1791175808419,,False,,analyzing,False,,analyzing,93,
1791175808707,,False,,analyzing,False,,analyzing,83,
1791175809041,,False,,analyzing,False,,analyzing,108,
1791175809303,,False,,analyzing,False,,analyzing,83,
1791175809546,,,,analyzing,,8,vlm_done,,2283
1791175809640,,False,,locked,False,,locked,116,
1791175809945,,False,,locked,False,,locked,118,
1791175810254,,False,,locked,False,,locked,121,
1791175810523,,False,,locked,False,,locked,88,
1791175810809,,False,,locked,False,,locked,82,
1791175811110,,False,,idle,False,,locked,87,
1791175811453,,False,,idle,False,,no_car,121,
1791175811709,,False,,idle,False,,no_car,83,
1791175812032,,False,,idle,False,,no_car,109,
1791175812307,,False,,idle,False,,no_car,84,
1791175812607,,False,,idle,False,,no_car,86,
1791175812942,,False,,idle,False,,no_car,115,
1791175813208,,False,,idle,False,,no_car,82,
1791175813531,,False,,idle,False,,no_car,108,
1791175813814,,False,,idle,False,,no_car,85,
1791175814133,,False,,idle,False,,no_car,102,
1791175814411,,False,,idle,False,,no_car,87,
1791175814715,,False,,idle,False,,no_car,92,
1791175815050,,False,,idle,False,,no_car,115,
1791175815305,,False,,idle,False,,no_car,83,
1791175815633,,False,,idle,False,,no_car,110,
1791175815922,,False,,idle,False,,no_car,87,
1791175816240,,False,,idle,False,,no_car,106,
1791175816526,,False,,idle,False,,no_car,90,
1791175816807,,False,,idle,False,,no_car,82,
1791175817127,,False,,idle,False,,no_car,104,
1791175817426,,False,,idle,False,,no_car,91,
1791175817736,,False,,idle,False,,no_car,100,
1791175818018,,False,,idle,False,,no_car,93,
1791175818314,,False,,idle,False,,no_car,83,
1791175818617,,False,,idle,False,,no_car,94,
1791175818940,,True,0.807,idle,False,,edge,108,
1791175819209,,True,0.802,idle,False,,edge,84,
1791175819562,,True,0.86,idle,False,,edge,128,
1791175819813,,True,0.854,idle,False,,edge,85,
1791175820137,,True,0.913,idle,False,,edge,104,
1791175820417,,True,0.907,idle,False,,edge,83,
1791175820707,,True,0.94,idle,False,,edge,85,
1791175821056,,True,0.93,idle,False,,edge,124,
1791175821320,,True,0.918,idle,False,,edge,85,
1791175821617,,True,0.92,idle,False,,edge,92,
1791175821909,,False,,idle,False,,no_car,84,
1791175822244,,False,,idle,False,,no_car,111,
1791175822525,,False,,idle,False,,no_car,87,
1791175822805,,False,,idle,False,,no_car,83,
1791175823143,,False,,idle,False,,no_car,117,
1791175823415,,False,,idle,False,,no_car,83,
1791175823738,,False,,idle,False,,no_car,107,
1791175824009,,True,0.79,tracking,False,,tracking_start,88,
1791175824327,,True,0.787,tracking,False,,waiting_stable,105,
1791175824623,,False,,tracking,False,,no_car,92,
1791175824912,,True,0.772,tracking,False,,unstable,84,
1791175825207,,True,0.791,tracking,False,,waiting_stable,86,
1791175825549,,True,0.855,tracking,False,,waiting_stable,118,
1791175825819,,True,0.865,tracking,False,,waiting_stable,83,
1791175826115,,True,0.82,analyzing,True,9,captured,87,
1791175826444,,True,0.85,analyzing,False,,analyzing,110,
1791175826750,,True,0.9,analyzing,False,,analyzing,114,
1791175827019,,True,0.861,analyzing,False,,analyzing,85,
1791175827312,,True,0.863,analyzing,False,,analyzing,86,
1791175827631,,True,0.915,analyzing,False,,analyzing,100,
1791175827928,,False,,analyzing,False,,analyzing,93,
1791175828226,,False,,analyzing,False,,analyzing,94,
1791175828516,,False,,analyzing,False,,analyzing,85,
1791175828686,,,,analyzing,,9,vlm_done,,2529
1791175828808,,False,,locked,False,,locked,87,
1791175829137,,False,,locked,False,,locked,109,
1791175829414,,False,,locked,False,,locked,93,
1791175829771,,False,,locked,False,,locked,121,
1791175830006,,False,,locked,False,,locked,81,
1791175830340,,False,,idle,False,,locked,113,
1791175830609,,False,,idle,False,,no_car,84,
1791175830941,,False,,idle,False,,no_car,109,
1791175831208,,False,,idle,False,,no_car,87,
1791175831531,,False,,idle,False,,no_car,109,
1791175831827,,False,,idle,False,,no_car,92,
1791175832110,,False,,idle,False,,no_car,83,
1791175832414,,False,,idle,False,,no_car,92,
1791175832711,,False,,idle,False,,no_car,89,
1791175833037,,False,,idle,False,,no_car,105,
1791175833327,,False,,idle,False,,no_car,92,
1791175833603,,False,,idle,False,,no_car,81,
1791175833940,,False,,idle,False,,no_car,117,
1791176020749,,,,idle,False,,dropped,,
1791176021035,,,,idle,False,,dropped,,
1791176021336,,,,idle,False,,dropped,,
1791176021641,,,,idle,False,,dropped,,
1791176021913,,,,idle,False,,dropped,,
1791176022207,,,,idle,False,,dropped,,
1791176022519,,,,idle,False,,dropped,,
1791176022857,,,,idle,False,,dropped,,
1791176023851,,False,,idle,False,,no_car,3386,
1791176099839,,False,,idle,False,,no_car,179,
1791176100054,,False,,idle,False,,no_car,95,
1791176100344,,False,,idle,False,,no_car,92,
1791176100641,,False,,idle,False,,no_car,85,
1791176100946,,False,,idle,False,,no_car,97,
1791176101235,,False,,idle,False,,no_car,84,
1791176101543,,False,,idle,False,,no_car,91,
1791176101840,,False,,idle,False,,no_car,87,
1791176102145,,False,,idle,False,,no_car,95,
1791176102457,,False,,idle,False,,no_car,104,
1791176102747,,False,,idle,False,,no_car,92,
1791176103043,,False,,idle,False,,no_car,89,
1791176103373,,True,0.911,idle,False,,edge,111,
1791176103645,,True,0.917,idle,False,,edge,86,
1791176103941,,True,0.94,idle,False,,edge,87,
1791176104235,,True,0.903,idle,False,,edge,87,
1791176104565,,True,0.931,idle,False,,edge,99,
1791176104842,,True,0.939,idle,False,,edge,84,
1791176105165,,True,0.927,idle,False,,edge,106,
1791176105434,,True,0.893,idle,False,,edge,85,
1791176105758,,True,0.946,idle,False,,edge,105,
1791176106059,,True,0.945,idle,False,,edge,102,
1791176106339,,True,0.936,idle,False,,edge,83,
1791176106635,,True,0.933,idle,False,,edge,86,
1791176106970,,True,0.924,idle,False,,edge,109,
1791176107242,,True,0.919,idle,False,,edge,85,
1791176107562,,True,0.918,tracking,False,,tracking_start,105,
1791176107841,,True,0.906,tracking,False,,waiting_stable,84,
1791176108168,,True,0.908,tracking,False,,waiting_stable,108,
1791176108444,,True,0.883,tracking,False,,waiting_stable,85,
1791176108779,,True,0.849,analyzing,True,1,captured,85,
1791176109093,,True,0.784,analyzing,False,,analyzing,132,
1791176109341,,True,0.77,analyzing,False,,analyzing,83,
1791176109660,,True,0.82,analyzing,False,,analyzing,104,
1791176109935,,True,0.797,analyzing,False,,analyzing,82,
1791176110250,,True,0.89,analyzing,False,,analyzing,102,
1791176110559,,True,0.839,analyzing,False,,analyzing,103,
1791176110836,,True,0.839,analyzing,False,,analyzing,83,
1791176111012,,,,analyzing,,1,vlm_done,,2223
1791176111171,,True,0.831,locked,False,,locked,110,
1791176111481,,True,0.826,locked,False,,locked,122,
1791176111751,,True,0.876,locked,False,,locked,90,
1791176112048,,False,,locked,False,,locked,92,
1791176112361,,False,,locked,False,,locked,101,
1791176112641,,False,,locked,False,,locked,84,
1791176112950,,False,,locked,False,,locked,98,
1791176113242,,False,,locked,False,,locked,86,
1791176113582,,False,,locked,False,,locked,118,
1791176113835,,False,,locked,False,,locked,83,
1791176114157,,False,,locked,False,,locked,105,
1791176114446,,False,,locked,False,,locked,89,
1791176114746,,False,,idle,False,,locked,91,
1791176115068,,False,,idle,False,,no_car,110,
1791176115342,,False,,idle,False,,no_car,92,
1791176115657,,False,,idle,False,,no_car,103,
1791176115956,,False,,idle,False,,no_car,93,
1791176116238,,False,,idle,False,,no_car,84,
1791176116584,,False,,idle,False,,no_car,133,
1791176116836,,False,,idle,False,,no_car,82,
1791176117161,,False,,idle,False,,no_car,108,
1791176117432,,False,,idle,False,,no_car,82,
1791176117742,,False,,idle,False,,no_car,93,
1791176118075,,False,,idle,False,,no_car,119,
1791176118347,,False,,idle,False,,no_car,86,
1791176118660,,False,,idle,False,,no_car,102,
1791176118939,,False,,idle,False,,no_car,83,
1791176119245,,False,,idle,False,,no_car,93,
1791176119563,,False,,idle,False,,no_car,107,
1791176119836,,False,,idle,False,,no_car,84,
1791176120163,,False,,idle,False,,no_car,108,
1791176120439,,True,0.759,tracking,False,,tracking_start,86,
1791176120750,,True,0.776,tracking,False,,unstable,95,
1791176121037,,False,,tracking,False,,no_car,88,
1791176121372,,False,,tracking,False,,no_car,112,
1791176121638,,False,,tracking,False,,no_car,83,
1791176121964,,False,,tracking,False,,no_car,108,
1791176122236,,False,,tracking,False,,no_car,82,
1791176122596,,False,,tracking,False,,no_car,129,
1791176122836,,False,,tracking,False,,no_car,83,
1791176123163,,True,0.752,tracking,False,,unstable,111,
1791176123442,,False,,tracking,False,,no_car,83,
1791176123766,,False,,tracking,False,,no_car,106,
1791176124037,,False,,tracking,False,,no_car,85,
1791176124375,,False,,tracking,False,,no_car,115,
1791176124649,,False,,tracking,False,,no_car,96,
1791176124939,,False,,tracking,False,,no_car,86,
1791176125249,,False,,tracking,False,,no_car,93,
1791176125546,,False,,tracking,False,,no_car,90,
1791176125835,,True,0.865,tracking,False,,unstable,83,
1791176126185,,True,0.795,tracking,False,,waiting_stable,124,
1791176126439,,True,0.797,tracking,False,,waiting_stable,84,
1791176126752,,True,0.823,tracking,False,,waiting_stable,99,
1791176127044,,True,0.785,analyzing,True,2,captured,85,
1791176127367,,True,0.779,analyzing,False,,analyzing,111,
1791176127642,,True,0.794,analyzing,False,,analyzing,85,
1791176127965,,True,0.795,analyzing,False,,analyzing,106,
1791176128243,,False,,analyzing,False,,analyzing,86,
1791176128546,,False,,analyzing,False,,analyzing,94,
1791176128844,,False,,analyzing,False,,analyzing,90,
1791176129165,,False,,analyzing,False,,analyzing,109,
1791176129442,,False,,analyzing,False,,analyzing,82,
1791176129741,,False,,analyzing,False,,analyzing,90,
1791176130064,,False,,analyzing,False,,analyzing,109,
1791176130186,,,,analyzing,,2,vlm_done,,3099
1791176130344,,False,,locked,False,,locked,89,
1791176130659,,False,,locked,False,,locked,102,
1791176130946,,False,,idle,False,,locked,94,
1791176131273,,False,,idle,False,,no_car,117,
1791176131540,,False,,idle,False,,no_car,84,
1791176131864,,False,,idle,False,,no_car,105,
1791176132141,,False,,idle,False,,no_car,85,
1791176132458,,False,,idle,False,,no_car,103,
1791176132750,,False,,idle,False,,no_car,95,
1791176133039,,False,,idle,False,,no_car,87,
1791176133355,,False,,idle,False,,no_car,103,
1791176133637,,False,,idle,False,,no_car,83,
1791176133944,,False,,idle,False,,no_car,88,
1791176134245,,False,,idle,False,,no_car,95,
1791176134541,,False,,idle,False,,no_car,89,
1791176134862,,False,,idle,False,,no_car,108,
1791176135146,,False,,idle,False,,no_car,89,
1791176135452,,False,,idle,False,,no_car,95,
1791176135750,,False,,idle,False,,no_car,94,
1791176136043,,False,,idle,False,,no_car,87,
1791176136337,,False,,idle,False,,no_car,88,
1791176136666,,False,,idle,False,,no_car,108,
1791176136937,,False,,idle,False,,no_car,84,
1791176137259,,False,,idle,False,,no_car,107,
1791176137542,,True,0.764,idle,False,,edge,84,
1791176137868,,True,0.851,idle,False,,edge,109,
1791176138141,,True,0.888,idle,False,,edge,84,
1791176138463,,True,0.871,idle,False,,edge,105,
1791176138743,,True,0.883,idle,False,,edge,86,
1791176139062,,True,0.886,idle,False,,edge,105,
1791176139340,,True,0.801,tracking,False,,tracking_start,84,
1791176139641,,False,,tracking,False,,no_car,87,
1791176139955,,False,,tracking,False,,no_car,101,
1791176140243,,False,,tracking,False,,no_car,84,
1791176140543,,False,,tracking,False,,no_car,92,
1791176140875,,False,,tracking,False,,no_car,120,
1791176141138,,False,,tracking,False,,no_car,83,
1791176141462,,False,,tracking,False,,no_car,105,
1791176141738,,True,0.819,tracking,False,,unstable,85,
1791176142055,,True,0.859,tracking,False,,waiting_stable,101,
1791176142354,,True,0.866,tracking,False,,waiting_stable,102,
1791176142639,,True,0.832,tracking,False,,edge,84,
1791176142946,,True,0.843,tracking,False,,edge,95,
1791176143245,,True,0.842,tracking,False,,edge,90,
1791176143554,,True,0.848,tracking,False,,unstable,101,
1791176143858,,True,0.835,tracking,False,,waiting_stable,99,
1791176144135,,True,0.876,tracking,False,,edge,85,
1791176144462,,True,0.852,tracking,False,,edge,104,
1791176144752,,True,0.859,tracking,False,,edge,86,
1791176145037,,True,0.868,tracking,False,,edge,82,
1791176145379,,True,0.855,tracking,False,,edge,128,
1791176145642,,True,0.854,tracking,False,,edge,85,
1791176145951,,True,0.848,tracking,False,,edge,99,
1791176146239,,True,0.834,tracking,False,,unstable,84,
1791176146549,,True,0.865,tracking,False,,edge,98,
1791176146855,,True,0.842,tracking,False,,edge,99,
1791176147141,,True,0.847,tracking,False,,unstable,87,
1791176147442,,True,0.822,tracking,False,,waiting_stable,90,
1791176147744,,True,0.856,tracking,False,,waiting_stable,93,
1791176148034,,True,0.862,tracking,False,,edge,82,
1791176148371,,True,0.85,tracking,False,,unstable,120,
1791176148640,,True,0.864,tracking,False,,edge,83,
1791176148948,,True,0.824,tracking,False,,edge,96,
1791176149242,,True,0.891,tracking,False,,unstable,88,
1791176149545,,True,0.904,tracking,False,,waiting_stable,94,
1791176149860,,True,0.898,tracking,False,,waiting_stable,102,
1791176150137,,True,0.905,tracking,False,,waiting_stable,83,
1791176150459,,True,0.902,analyzing,True,3,captured,100,
1791176150744,,True,0.9,analyzing,False,,analyzing,86,
1791176151041,,True,0.893,analyzing,False,,analyzing,86,
1791176151361,,True,0.921,analyzing,False,,analyzing,110,
1791176151649,,False,,analyzing,False,,analyzing,92,
1791176151945,,False,,analyzing,False,,analyzing,90,
1791176152257,,False,,analyzing,False,,analyzing,100,
1791176152544,,False,,analyzing,False,,analyzing,88,
1791176152576,,,,analyzing,,3,vlm_done,,2080
1791176152876,,False,,locked,False,,locked,120,
1791176153139,,False,,locked,False,,locked,84,
1791176153447,,False,,locked,False,,locked,90,
1791176153740,,False,,locked,False,,locked,86,
1791176154055,,False,,locked,False,,locked,102,
1791176154352,,False,,idle,False,,locked,96,
1791176154639,,False,,idle,False,,no_car,89,
1791176154959,,False,,idle,False,,no_car,107,
1791176155265,,False,,idle,False,,no_car,98,
1791176155538,,False,,idle,False,,no_car,82,
1791176155890,,False,,idle,False,,no_car,131,
1791176156136,,False,,idle,False,,no_car,84,
1791176156449,,False,,idle,False,,no_car,96,
1791176156742,,False,,idle,False,,no_car,88,
1791176157034,,False,,idle,False,,no_car,84,
1791176157373,,False,,idle,False,,no_car,121,
1791176157636,,False,,idle,False,,no_car,83,
1791176157973,,False,,idle,False,,no_car,119,
1791176158231,,False,,idle,False,,no_car,81,
1791176158563,,False,,idle,False,,no_car,110,
1791176158832,,False,,idle,False,,no_car,81,
1791176159161,,False,,idle,False,,no_car,108,
1791176159450,,False,,idle,False,,no_car,92,
1791176159741,,False,,idle,False,,no_car,86,
1791176160069,,False,,idle,False,,no_car,113,
1791176160340,,False,,idle,False,,no_car,84,
1791176160662,,False,,idle,False,,no_car,104,
1791176160958,,False,,idle,False,,no_car,107,
1791176161239,,False,,idle,False,,no_car,86,
1791176161543,,False,,idle,False,,no_car,88,
1791176161842,,False,,idle,False,,no_car,85,
1791176162149,,False,,idle,False,,no_car,97,
1791176162443,,False,,idle,False,,no_car,91,
1791176162738,,False,,idle,False,,no_car,87,
1791176163054,,False,,idle,False,,no_car,107,
1791176163341,,False,,idle,False,,no_car,86,
1791176163658,,False,,idle,False,,no_car,103,
1791176163938,,False,,idle,False,,no_car,84,
1791176164246,,False,,idle,False,,no_car,98,
1791176164545,,False,,idle,False,,no_car,93,
1791176164843,,False,,idle,False,,no_car,91,
1791176165139,,False,,idle,False,,no_car,85,
1791176165462,,False,,idle,False,,no_car,105,
1791176165739,,False,,idle,False,,no_car,85,
1791176166063,,False,,idle,False,,no_car,111,
1791176166336,,False,,idle,False,,no_car,81,
1791176166651,,False,,idle,False,,no_car,104,
1791176166936,,True,0.894,idle,False,,edge,86,
1791176167263,,True,0.931,idle,False,,edge,109,
1791176167555,,True,0.915,idle,False,,edge,98,
1791176167833,,True,0.92,idle,False,,edge,83,
1791176168159,,True,0.924,idle,False,,edge,107,
1791176168434,,True,0.951,idle,False,,edge,83,
1791176168759,,True,0.932,idle,False,,edge,107,
1791176169057,,True,0.935,idle,False,,edge,99,
1791176169348,,True,0.941,tracking,False,,tracking_start,84,
1791176169638,,True,0.946,tracking,False,,waiting_stable,86,
1791176169956,,True,0.948,tracking,False,,waiting_stable,104,
1791176170237,,True,0.944,tracking,False,,waiting_stable,88,
1791176170577,,True,0.929,analyzing,True,4,captured,118,
1791176170834,,True,0.933,analyzing,False,,analyzing,82,
1791176171167,,True,0.94,analyzing,False,,analyzing,114,
1791176171445,,True,0.944,analyzing,False,,analyzing,82,
1791176171741,,False,,analyzing,False,,analyzing,90,
1791176172063,,False,,analyzing,False,,analyzing,113,
1791176172337,,False,,analyzing,False,,analyzing,82,
1791176172650,,False,,analyzing,False,,analyzing,101,
1791176172941,,False,,analyzing,False,,analyzing,86,
1791176173070,,,,analyzing,,4,vlm_done,,2454
1791176173244,,False,,locked,False,,locked,91,
1791176173583,,False,,locked,False,,locked,126,
1791176173837,,False,,locked,False,,locked,82,
1791176174165,,False,,locked,False,,locked,113,
1791176174445,,False,,idle,False,,locked,87,
1791176174739,,False,,idle,False,,no_car,85,
1791176175034,,False,,idle,False,,no_car,86,
1791176175371,,False,,idle,False,,no_car,118,
1791176175635,,False,,idle,False,,no_car,83,
1791176175968,,False,,idle,False,,no_car,111,
1791176176236,,False,,idle,False,,no_car,83,
1791176176573,,False,,idle,False,,no_car,121,
1791176176840,,False,,idle,False,,no_car,81,
1791176177149,,False,,idle,False,,no_car,93,
1791176177433,,False,,idle,False,,no_car,85,
1791176177763,,False,,idle,False,,no_car,111,
1791176228614,,False,,idle,False,,no_car,85,
1791176228898,,False,,idle,False,,no_car,82,
1791176229211,,False,,idle,False,,no_car,94,
1791176229505,,False,,idle,False,,no_car,90,
1791176229806,,False,,idle,False,,no_car,92,
1791176230103,,False,,idle,False,,no_car,83,
1791176230412,,False,,idle,False,,no_car,93,
1791176230707,,False,,idle,False,,no_car,90,
1791176231019,,False,,idle,False,,no_car,101,
1791176231312,,False,,idle,False,,no_car,89,
1791176231611,,False,,idle,False,,no_car,92,
1791176231895,,False,,idle,False,,no_car,83,
1791176232220,,False,,idle,False,,no_car,103,
1791176232499,,False,,idle,False,,no_car,84,
1791176232823,,False,,idle,False,,no_car,110,
1791176233102,,False,,idle,False,,no_car,84,
1791176233417,,False,,idle,False,,no_car,102,
1791176233700,,False,,idle,False,,no_car,83,
1791176234028,,False,,idle,False,,no_car,110,
1791176234297,,False,,idle,False,,no_car,84,
1791176234618,,False,,idle,False,,no_car,105,
1791176234902,,False,,idle,False,,no_car,86,
1791176235231,,False,,idle,False,,no_car,111,
1791176235502,,False,,idle,False,,no_car,85,
1791176235820,,False,,idle,False,,no_car,105,
1791176236103,,False,,idle,False,,no_car,86,
1791176236422,,False,,idle,False,,no_car,99,
1791176236705,,False,,idle,False,,no_car,84,
1791176237020,,False,,idle,False,,no_car,104,
1791176237305,,False,,idle,False,,no_car,84,
1791176237622,,False,,idle,False,,no_car,104,
1791176237901,,False,,idle,False,,no_car,83,
1791176238227,,False,,idle,False,,no_car,111,
1791176238501,,False,,idle,False,,no_car,84,
1791176238826,,False,,idle,False,,no_car,106,
1791176239119,,False,,idle,False,,no_car,104,
1791176239407,,False,,idle,False,,no_car,90,
1791176239729,,False,,idle,False,,no_car,112,
1791176240002,,False,,idle,False,,no_car,82,
1791176240311,,False,,idle,False,,no_car,97,
1791176240616,,False,,idle,False,,no_car,98,
1791176240904,,False,,idle,False,,no_car,83,
1791176241231,,False,,idle,False,,no_car,110,
1791176241500,,True,0.883,idle,False,,edge,83,
1791176241828,,True,0.943,idle,False,,edge,110,
1791176242115,,True,0.939,idle,False,,edge,86,
1791176242404,,True,0.923,idle,False,,edge,85,
1791176242712,,True,0.926,idle,False,,edge,97,
1791176243004,,True,0.933,idle,False,,edge,85,
1791176243302,,True,0.944,idle,False,,edge,87,
1791176243626,,True,0.934,idle,False,,edge,107,
1791176243905,,True,0.937,idle,False,,edge,86,
1791176244229,,True,0.951,idle,False,,edge,108,
1791176244501,,True,0.955,idle,False,,edge,85,
1791176244830,,True,0.959,tracking,False,,tracking_start,112,
1791176245106,,True,0.953,tracking,False,,edge,87,
1791176245428,,True,0.955,tracking,False,,unstable,107,
1791176245700,,True,0.956,tracking,False,,waiting_stable,84,
1791176246012,,True,0.949,tracking,False,,waiting_stable,93,
1791176246296,,True,0.954,tracking,False,,waiting_stable,83,
1791176246623,,True,0.947,analyzing,True,5,captured,104,
1791176246905,,True,0.95,analyzing,False,,analyzing,88,
1791176247234,,False,,analyzing,False,,analyzing,112,
1791176247503,,True,0.889,analyzing,False,,analyzing,89,
1791176247822,,False,,analyzing,False,,analyzing,106,
1791176248103,,False,,analyzing,False,,analyzing,84,
1791176248402,,False,,analyzing,False,,analyzing,89,
1791176248716,,False,,analyzing,False,,analyzing,103,
1791176249000,,False,,analyzing,False,,analyzing,84,
1791176249313,,False,,analyzing,False,,analyzing,97,
1791176249620,,False,,analyzing,False,,analyzing,100,
1791176249655,,,,analyzing,,5,vlm_done,,2993
1791176249901,,False,,idle,False,,locked,85,
1791176250224,,False,,idle,False,,no_car,108,
1791176250523,,False,,idle,False,,no_car,105,
1791176250806,,False,,idle,False,,no_car,83,
1791176251101,,False,,idle,False,,no_car,88,
1791176251418,,False,,idle,False,,no_car,100,
1791176251707,,False,,idle,False,,no_car,90,
1791176252017,,False,,idle,False,,no_car,99,
1791176252297,,False,,idle,False,,no_car,85,
1791176252623,,False,,idle,False,,no_car,105,
1791176252902,,False,,idle,False,,no_car,84,
1791176253218,,False,,idle,False,,no_car,100,
1791176253496,,False,,idle,False,,no_car,82,
1791176253797,,False,,idle,False,,no_car,85,
1791176254212,,False,,idle,False,,no_car,193,
1791176254408,,False,,idle,False,,no_car,89,
1791176254713,,False,,idle,False,,no_car,101,
1791176255002,,False,,idle,False,,no_car,87,
1791176255313,,False,,idle,False,,no_car,95,
1791176255606,,False,,idle,False,,no_car,87,
1791176255909,,False,,idle,False,,no_car,96,
1791176256206,,True,0.764,idle,False,,edge,90,
1791176256511,,True,0.782,idle,False,,edge,92,
1791176256812,,True,0.841,idle,False,,edge,91,
1791176257099,,True,0.889,tracking,False,,tracking_start,86,
1791176257408,,True,0.896,tracking,False,,waiting_stable,92,
1791176257705,,True,0.885,tracking,False,,waiting_stable,89,
1791176258019,,True,0.861,tracking,False,,waiting_stable,98,
1791176258300,,True,0.878,analyzing,True,6,captured,84,
1791176258622,,True,0.9,analyzing,False,,analyzing,107,
1791176258917,,True,0.882,analyzing,False,,analyzing,88,
1791176259205,,True,0.91,analyzing,False,,analyzing,84,
1791176259502,,True,0.896,analyzing,False,,analyzing,90,
1791176259819,,True,0.86,analyzing,False,,analyzing,101,
1791176260101,,True,0.814,analyzing,False,,analyzing,86,
1791176260437,,False,,analyzing,False,,analyzing,111,
1791176260499,,,,analyzing,,6,vlm_done,,2166
1791176260702,,False,,locked,False,,locked,91,
1791176261015,,False,,locked,False,,locked,100,
1791176261301,,False,,locked,False,,locked,86,
1791176261606,,False,,locked,False,,locked,88,
1791176261901,,False,,locked,False,,locked,89,
1791176262226,,False,,locked,False,,locked,108,
1791176262502,,False,,locked,False,,locked,84,
1791176262817,,False,,locked,False,,locked,98,
1791176263098,,False,,idle,False,,locked,84,
1791176263427,,False,,idle,False,,no_car,106,
1791176263710,,False,,idle,False,,no_car,86,
1791176264012,,False,,idle,False,,no_car,94,
1791176264302,,False,,idle,False,,no_car,86,
1791176264616,,False,,idle,False,,no_car,99,
1791176264903,,False,,idle,False,,no_car,85,
1791176265220,,False,,idle,False,,no_car,100,
1791176265502,,False,,idle,False,,no_car,85,
1791176265811,,False,,idle,False,,no_car,97,
1791176266104,,False,,idle,False,,no_car,83,
1791176266417,,False,,idle,False,,no_car,99,
1791176266702,,False,,idle,False,,no_car,87,
1791176267015,,False,,idle,False,,no_car,100,
1791176267311,,False,,idle,False,,no_car,90,
1791176267605,,False,,idle,False,,no_car,87,
1791176267900,,False,,idle,False,,no_car,87,
1791176268213,,False,,idle,False,,no_car,98,
1791176268500,,False,,idle,False,,no_car,84,
1791176268822,,True,0.76,idle,False,,edge,105,
1791176269102,,True,0.911,idle,False,,edge,87,
1791176269413,,True,0.913,idle,False,,edge,97,
1791176269723,,True,0.917,idle,False,,edge,102,
1791176270012,,True,0.929,idle,False,,edge,87,
1791176270301,,True,0.863,idle,False,,edge,86,
1791176270618,,True,0.886,idle,False,,edge,97,
1791176270903,,True,0.926,idle,False,,edge,86,
1791176271216,,False,,idle,False,,no_car,98,
1791176271500,,False,,idle,False,,no_car,84,
1791176271826,,False,,idle,False,,no_car,105,
1791176272103,,False,,idle,False,,no_car,86,
1791176272416,,False,,idle,False,,no_car,98,
1791176272695,,False,,idle,False,,no_car,84,
1791176273018,,False,,idle,False,,no_car,103,
1791176273301,,False,,idle,False,,no_car,84,
1791176273622,,False,,idle,False,,no_car,104,
1791176273895,,False,,idle,False,,no_car,83,
1791176274229,,False,,idle,False,,no_car,112,
1791176274508,,False,,idle,False,,no_car,85,
1791176274803,,False,,idle,False,,no_car,85,
1791176275109,,False,,idle,False,,no_car,96,
1791176275399,,False,,idle,False,,no_car,85,
1791176275728,,False,,idle,False,,no_car,110,
1791176276005,,False,,idle,False,,no_car,84,
1791176276306,,False,,idle,False,,no_car,93,
1791176276596,,False,,idle,False,,no_car,84,
1791176276915,,False,,idle,False,,no_car,103,
1791176277210,,True,0.822,idle,False,,edge,93,
1791176277506,,True,0.92,idle,False,,edge,89,
1791176277802,,True,0.894,idle,False,,edge,87,
1791176278118,,True,0.909,idle,False,,edge,100,
1791176278407,,True,0.921,tracking,False,,tracking_start,88,
1791176278704,,True,0.927,tracking,False,,waiting_stable,90,
1791176279019,,True,0.943,tracking,False,,waiting_stable,99,
1791176279299,,True,0.931,tracking,False,,waiting_stable,83,
1791176279610,,True,0.925,analyzing,True,7,captured,88,
1791176279905,,True,0.918,analyzing,False,,analyzing,91,
1791176280220,,True,0.933,analyzing,False,,analyzing,102,
1791176280499,,True,0.938,analyzing,False,,analyzing,85,
1791176280825,,True,0.946,analyzing,False,,analyzing,107,
1791176281101,,True,0.94,analyzing,False,,analyzing,85,
1791176281415,,True,0.93,analyzing,False,,analyzing,102,
1791176281649,,,,analyzing,,7,vlm_done,,2000
1791176281752,,False,,locked,False,,locked,135,
1791176282001,,False,,locked,False,,locked,84,
1791176282314,,False,,locked,False,,locked,101,
1791176282600,,False,,locked,False,,locked,85,
1791176282943,,False,,locked,False,,locked,127,
1791176283204,,False,,locked,False,,locked,85,
1791176283518,,False,,locked,False,,locked,104,
1791176283797,,False,,locked,False,,locked,82,
1791176284108,,False,,locked,False,,locked,96,
1791176284401,,False,,idle,False,,locked,86,
1791176284721,,False,,idle,False,,no_car,108,
1791176284997,,False,,idle,False,,no_car,83,
1791176285306,,False,,idle,False,,no_car,94,
1791176285618,,False,,idle,False,,no_car,99,
1791176285905,,False,,idle,False,,no_car,89,
1791176286213,,False,,idle,False,,no_car,98,
1791176286501,,False,,idle,False,,no_car,85,
1791176286822,,False,,idle,False,,no_car,101,
1791176287102,,False,,idle,False,,no_car,88,
1791176287422,,False,,idle,False,,no_car,104,
1791176287701,,False,,idle,False,,no_car,83,
1791176288020,,False,,idle,False,,no_car,103,
1791176288297,,False,,idle,False,,no_car,83,
1791176288617,,False,,idle,False,,no_car,99,
1791176288907,,False,,idle,False,,no_car,86,
1791176289220,,False,,idle,False,,no_car,101,
1791176289496,,False,,idle,False,,no_car,84,
1791176289812,,False,,idle,False,,no_car,93,
1791176290104,,False,,idle,False,,no_car,88,
1791176290421,,False,,idle,False,,no_car,102,
1791176290711,,False,,idle,False,,no_car,85,
1791176291005,,False,,idle,False,,no_car,87,
1791176291322,,False,,idle,False,,no_car,102,
1791176291602,,False,,idle,False,,no_car,85,
1791176291912,,False,,idle,False,,no_car,99,
1791176292206,,False,,idle,False,,no_car,89,
1791176292523,,False,,idle,False,,no_car,101,
1791176292803,,False,,idle,False,,no_car,83,
1791176293119,,False,,idle,False,,no_car,102,
1791176293402,,False,,idle,False,,no_car,86,
1791176293718,,False,,idle,False,,no_car,101,
1791176294007,,False,,idle,False,,no_car,86,
1791176294302,,False,,idle,False,,no_car,88,
1791176294615,,False,,idle,False,,no_car,98,
1791176294904,,False,,idle,False,,no_car,85,
1791176295225,,False,,idle,False,,no_car,107,
1791176295499,,False,,idle,False,,no_car,85,
1791176295826,,False,,idle,False,,no_car,111,
1791176296104,,False,,idle,False,,no_car,86,
1791176296423,,True,0.842,idle,False,,edge,104,
1791176296700,,True,0.856,idle,False,,edge,84,
1791176297010,,True,0.881,idle,False,,edge,96,
1791176297301,,True,0.883,tracking,False,,tracking_start,86,
1791176297626,,True,0.892,tracking,False,,waiting_stable,107,
1791176297899,,True,0.895,tracking,False,,waiting_stable,85,
1791176298227,,True,0.882,tracking,False,,waiting_stable,107,
1791176298508,,True,0.859,analyzing,True,8,captured,86,
1791176298821,,True,0.875,analyzing,False,,analyzing,102,
1791176299099,,True,0.867,analyzing,False,,analyzing,84,
1791176299422,,True,0.879,analyzing,False,,analyzing,103,
1791176299700,,True,0.857,analyzing,False,,analyzing,85,
1791176300023,,True,0.845,analyzing,False,,analyzing,105,
1791176300302,,True,0.869,analyzing,False,,analyzing,85,
1791176300544,,,,analyzing,,8,vlm_done,,2000
1791176300618,,True,0.854,locked,False,,locked,100,
1791176300898,,False,,locked,False,,locked,86,
1791176301231,,False,,locked,False,,locked,112,
1791176301547,,False,,locked,False,,locked,131,
1791176301808,,False,,locked,False,,locked,92,
1791176302104,,False,,locked,False,,locked,85,
1791176302406,,False,,locked,False,,locked,86,
1791176302693,,False,,locked,False,,locked,82,
1791176303006,,False,,locked,False,,locked,95,
1791176303306,,False,,idle,False,,locked,88,
1791176303618,,False,,idle,False,,no_car,101,
1791176303898,,False,,idle,False,,no_car,83,
1791176304208,,False,,idle,False,,no_car,92,
1791176304511,,False,,idle,False,,no_car,95,
1791176304822,,False,,idle,False,,no_car,104,
1791176305103,,False,,idle,False,,no_car,86,
1791176305421,,False,,idle,False,,no_car,103,
1791176305705,,False,,idle,False,,no_car,86,
1791176306019,,False,,idle,False,,no_car,101,
1791176306296,,False,,idle,False,,no_car,83,
1791176306617,,False,,idle,False,,no_car,100,
1791176306903,,False,,idle,False,,no_car,85,
1791176307222,,False,,idle,False,,no_car,103,
1791176307500,,False,,idle,False,,no_car,84,
1791176307808,,False,,idle,False,,no_car,95,
1791176308112,,False,,idle,False,,no_car,93,
1791176308403,,False,,idle,False,,no_car,84,
1791176308702,,False,,idle,False,,no_car,88,
1791176309000,,False,,idle,False,,no_car,86,
1791176309320,,False,,idle,False,,no_car,104,
1791176309606,,True,0.766,tracking,False,,tracking_start,85,
1791176309918,,True,0.858,tracking,False,,waiting_stable,100,
1791176310197,,True,0.829,tracking,False,,waiting_stable,83,
1791176310510,,True,0.838,tracking,False,,waiting_stable,96,
1791176310850,,True,0.895,tracking,False,,unstable,111,
1791176311103,,True,0.898,tracking,False,,waiting_stable,89,
1791176311418,,True,0.849,tracking,False,,waiting_stable,101,
1791176311703,,True,0.833,tracking,False,,waiting_stable,84,
1791176312045,,True,0.856,analyzing,True,9,captured,110,
1791176312302,,True,0.849,analyzing,False,,analyzing,86,
1791176312614,,True,0.84,analyzing,False,,analyzing,96,
1791176312904,,True,0.852,analyzing,False,,analyzing,86,
1791176313220,,True,0.88,analyzing,False,,analyzing,101,
1791176313499,,False,,analyzing,False,,analyzing,84,
1791176313815,,False,,analyzing,False,,analyzing,100,
1791176314110,,False,,analyzing,False,,analyzing,89,
1791176314264,,,,analyzing,,9,vlm_done,,2188
1791176314422,,False,,locked,False,,locked,104,
1791176314698,,False,,locked,False,,locked,85,
1791176315012,,False,,locked,False,,locked,98,
1791176315315,,False,,locked,False,,locked,98,
1791176315605,,False,,locked,False,,locked,84,
1791176315913,,False,,locked,False,,locked,99,
1791176316210,,False,,idle,False,,locked,92,
1791176316503,,False,,idle,False,,no_car,88,
1791176316820,,False,,idle,False,,no_car,102,
1791176317098,,False,,idle,False,,no_car,85,
1791176317447,,False,,idle,False,,no_car,116,
1791176317700,,False,,idle,False,,no_car,83,
1791176318033,,False,,idle,False,,no_car,114,
1791176318300,,False,,idle,False,,no_car,86,
1791176318606,,False,,idle,False,,no_car,88,
1791176318913,,False,,idle,False,,no_car,96,
1791176319205,,False,,idle,False,,no_car,87,
1791176319502,,False,,idle,False,,no_car,88,
1791176319820,,False,,idle,False,,no_car,107,
1791176320102,,False,,idle,False,,no_car,86,
1791176320421,,False,,idle,False,,no_car,103,
1791176320698,,False,,idle,False,,no_car,83,
1791176321015,,False,,idle,False,,no_car,101,
1791176321303,,True,0.761,idle,False,,edge,84,
1791176321665,,True,0.884,tracking,False,,tracking_start,120,
1791176321905,,True,0.936,tracking,False,,waiting_stable,86,
1791176322234,,True,0.891,tracking,False,,waiting_stable,108,
1791176322502,,False,,tracking,False,,no_car,84,
1791176322824,,False,,tracking,False,,no_car,103,
1791176323099,,True,0.877,tracking,False,,unstable,85,
1791176323414,,True,0.894,tracking,False,,waiting_stable,100,
1791176323700,,True,0.844,tracking,False,,waiting_stable,85,
1791176324007,,True,0.793,tracking,False,,waiting_stable,95,
1791176324302,,False,,tracking,False,,no_car,86,
1791176324621,,False,,tracking,False,,no_car,103,
1791176324902,,False,,tracking,False,,no_car,83,
1791176325231,,False,,tracking,False,,no_car,111,
1791176325498,,False,,tracking,False,,no_car,85,
1791176325813,,False,,tracking,False,,no_car,100,
1791176326108,,False,,tracking,False,,no_car,89,
1791176326415,,False,,tracking,False,,no_car,94,
1791176326725,,False,,tracking,False,,no_car,98,
1791176327000,,False,,idle,False,,no_car,86,
1791176327317,,False,,idle,False,,no_car,99,
1791176327612,,True,0.885,tracking,False,,tracking_start,88,
1791176327901,,True,0.879,tracking,False,,waiting_stable,85,
1791176328223,,True,0.909,tracking,False,,waiting_stable,105,
1791176328502,,True,0.914,tracking,False,,waiting_stable,84,
1791176328834,,True,0.936,analyzing,True,10,captured,101,
1791176329114,,True,0.931,analyzing,False,,analyzing,86,
1791176329407,,True,0.931,analyzing,False,,analyzing,88,
1791176329706,,True,0.918,analyzing,False,,analyzing,91,
1791176330012,,False,,analyzing,False,,analyzing,92,
1791176330299,,False,,analyzing,False,,analyzing,84,
1791176330611,,False,,analyzing,False,,analyzing,98,
1791176330904,,False,,analyzing,False,,analyzing,88,
1791176331221,,False,,analyzing,False,,analyzing,103,
1791176331369,,,,analyzing,,10,vlm_done,,2498
1791176331499,,False,,locked,False,,locked,86,
1791176331817,,False,,locked,False,,locked,103,
1791176332100,,False,,locked,False,,locked,84,
1791176332439,,False,,locked,False,,locked,120,
1791176332699,,False,,idle,False,,locked,84,
1791176332999,,False,,idle,False,,no_car,84,
1791176333319,,False,,idle,False,,no_car,102,
1791176333602,,False,,idle,False,,no_car,83,
1791176333917,,False,,idle,False,,no_car,103,
1791176334203,,False,,idle,False,,no_car,87,
1791176334519,,False,,idle,False,,no_car,103,
1791176334810,,False,,idle,False,,no_car,92,
1791176335096,,False,,idle,False,,no_car,84,
1791176335427,,False,,idle,False,,no_car,109,
1791176335701,,False,,idle,False,,no_car,85,
1791176336029,,False,,idle,False,,no_car,110,
1791176336300,,False,,idle,False,,no_car,86,
1791176336607,,False,,idle,False,,no_car,94,
1791176336904,,False,,idle,False,,no_car,88,
1791176337202,,False,,idle,False,,no_car,84,
1791176337503,,False,,idle,False,,no_car,90,
1791176337814,,False,,idle,False,,no_car,100,
1791176338105,,False,,idle,False,,no_car,89,
1791176338418,,False,,idle,False,,no_car,100,
1791176338697,,False,,idle,False,,no_car,84,
1791176339020,,False,,idle,False,,no_car,106,
1791176339303,,False,,idle,False,,no_car,86,
1791176339608,,False,,idle,False,,no_car,90,
1791176339903,,False,,idle,False,,no_car,87,
1791176340201,,False,,idle,False,,no_car,88,
1791176340521,,False,,idle,False,,no_car,105,
1791176340804,,False,,idle,False,,no_car,82,
1791176341107,,False,,idle,False,,no_car,94,
1791176341411,,False,,idle,False,,no_car,94,
1791176341702,,False,,idle,False,,no_car,85,
1791176342001,,False,,idle,False,,no_car,84,
1791176342314,,False,,idle,False,,no_car,100,
1791176342598,,False,,idle,False,,no_car,84,
1791176342926,,False,,idle,False,,no_car,109,
1791176343215,,False,,idle,False,,no_car,87,
1791176343505,,False,,idle,False,,no_car,90,
1791176343807,,False,,idle,False,,no_car,94,
1791176344106,,False,,idle,False,,no_car,90,
1791176345163,,False,,idle,False,,no_car,85,
1791176346163,,False,,idle,False,,no_car,87,
1791176347162,,False,,idle,False,,no_car,87,
1791176348170,,False,,idle,False,,no_car,86,
1791176349178,,False,,idle,False,,no_car,92,
1791176350167,,False,,idle,False,,no_car,89,
1791176351201,,False,,idle,False,,no_car,121,
1791176352178,,False,,idle,False,,no_car,90,
1791176353170,,False,,idle,False,,no_car,94,
1791176355188,,False,,idle,False,,no_car,89,
1791176356183,,False,,idle,False,,no_car,90,
1791176357181,,False,,idle,False,,no_car,90,
1791176358184,,False,,idle,False,,no_car,92,
1791176359203,,False,,idle,False,,no_car,113,
1791176360210,,False,,idle,False,,no_car,112,
1791176361175,,False,,idle,False,,no_car,92,
1791176362180,,False,,idle,False,,no_car,90,
1791176363177,,False,,idle,False,,no_car,88,
1791176364179,,False,,idle,False,,no_car,89,
1791176365180,,False,,idle,False,,no_car,102,
1791176366187,,False,,idle,False,,no_car,95,
1791176367222,,False,,idle,False,,no_car,120,
1791176368178,,False,,idle,False,,no_car,89,
1791176369174,,False,,idle,False,,no_car,91,
1791176370173,,False,,idle,False,,no_car,91,
1791176371189,,False,,idle,False,,no_car,97,
1791176372182,,False,,idle,False,,no_car,89,
1791176373220,,False,,idle,False,,no_car,139,
1791176374174,,False,,idle,False,,no_car,90,
1791176375173,,False,,idle,False,,no_car,87,
1791176376179,,False,,idle,False,,no_car,95,
1791176377174,,False,,idle,False,,no_car,90,
1791176378185,,False,,idle,False,,no_car,98,
1791176379182,,False,,idle,False,,no_car,91,
1791176380175,,False,,idle,False,,no_car,92,
1791176381182,,False,,idle,False,,no_car,88,
1791176382197,,False,,idle,False,,no_car,98,
1791176383189,,False,,idle,False,,no_car,87,
1791176384184,,False,,idle,False,,no_car,87,
1791176385186,,False,,idle,False,,no_car,88,
1791176386185,,False,,idle,False,,no_car,94,
1791176387219,,False,,idle,False,,no_car,131,
1791176388205,,False,,idle,False,,no_car,121,
1791176389181,,False,,idle,False,,no_car,90,
1791176390182,,False,,idle,False,,no_car,90,
1791176391186,,False,,idle,False,,no_car,90,
1791176392182,,False,,idle,False,,no_car,90,
1791176393177,,False,,idle,False,,no_car,88,
1791176394228,,False,,idle,False,,no_car,138,
1791176395212,,False,,idle,False,,no_car,126,
1791176396180,,False,,idle,False,,no_car,97,
1791176397176,,False,,idle,False,,no_car,90,
1791176398218,,False,,idle,False,,no_car,125,
1791176399189,,False,,idle,False,,no_car,88,
1791176400176,,False,,idle,False,,no_car,94,
1791176401204,,False,,idle,False,,no_car,112,
1791176402230,,False,,idle,False,,no_car,135,
1791176403243,,False,,idle,False,,no_car,132,
1791176404185,,False,,idle,False,,no_car,92,
1791176405189,,False,,idle,False,,no_car,87,
1791176406224,,False,,idle,False,,no_car,136,
1791176407178,,False,,idle,False,,no_car,90,
1791176408171,,False,,idle,False,,no_car,87,
1791176409178,,False,,idle,False,,no_car,90,
1791176410183,,False,,idle,False,,no_car,93,
1791176411182,,False,,idle,False,,no_car,89,
1791176412195,,False,,idle,False,,no_car,94,
1791176413000,,,,idle,False,,dropped,,
1791176413049,,,,idle,False,,dropped,,
1791176413128,,False,,idle,False,,no_car,141,
1791176413413,,False,,idle,False,,no_car,92,
1791176413904,,False,,idle,False,,no_car,99,
1791176414006,,False,,idle,False,,no_car,87,
1791176414355,,False,,idle,False,,no_car,121,
1791176414612,,False,,idle,False,,no_car,92,
1791176414956,,True,0.863,idle,False,,edge,122,
1791176415214,,True,0.846,idle,False,,edge,95,
1791176415514,,True,0.884,idle,False,,edge,93,
1791177235134,,False,,idle,False,,no_car,97,
1791177235686,,,,idle,False,,dropped,,
1791177235774,,False,,idle,False,,no_car,95,
1791177236543,,False,,idle,False,,no_car,85,
1791177236749,,,,idle,False,,dropped,,
1791177236755,,,,idle,False,,dropped,,
1791177236837,,False,,idle,False,,no_car,89,
1791177237145,,False,,idle,False,,no_car,98,
1791177237460,,False,,idle,False,,no_car,101,
1791177237737,,False,,idle,False,,no_car,85,
1791177238060,,False,,idle,False,,no_car,108,
1791177238331,,False,,idle,False,,no_car,83,
1791177238661,,False,,idle,False,,no_car,113,
1791177238931,,False,,idle,False,,no_car,82,
1791177239253,,False,,idle,False,,no_car,106,
1791177239535,,False,,idle,False,,no_car,86,
1791177239835,,False,,idle,False,,no_car,85,
1791177240134,,False,,idle,False,,no_car,87,
1791177240454,,False,,idle,False,,no_car,103,
1791177240732,,False,,idle,False,,no_car,85,
1791177241070,,False,,idle,False,,no_car,114,
1791177241331,,False,,idle,False,,no_car,83,
1791177241654,,False,,idle,False,,no_car,107,
1791177241932,,False,,idle,False,,no_car,84,
1791177242269,,False,,idle,False,,no_car,114,
1791177242530,,False,,idle,False,,no_car,83,
1791177242854,,False,,idle,False,,no_car,107,
1791177243134,,False,,idle,False,,no_car,84,
1791177243472,,True,0.87,idle,False,,edge,114,
1791177243732,,True,0.961,idle,False,,edge,86,
1791177244054,,True,0.929,idle,False,,edge,107,
1791177244556,,,,idle,False,,dropped,,
1791177244652,,True,0.906,idle,False,,edge,99,
1791177244943,,True,0.872,idle,False,,edge,88,
1791177245235,,True,0.888,idle,False,,edge,84,
1791177245571,,True,0.842,idle,False,,edge,113,
1791177245843,,True,0.858,idle,False,,edge,83,
1791177246143,,True,0.867,idle,False,,edge,92,
1791177246433,,True,0.877,idle,False,,edge,84,
1791177246775,,True,0.91,idle,False,,edge,117,
1791177247032,,True,0.865,idle,False,,edge,83,
1791177247352,,True,0.882,idle,False,,edge,104,
1791177247644,,True,0.904,tracking,False,,tracking_start,90,
1791177247963,,True,0.903,tracking,False,,waiting_stable,106,
1791177248234,,True,0.894,tracking,False,,waiting_stable,85,
1791177248555,,True,0.91,tracking,False,,waiting_stable,106,
1791177248835,,True,0.863,tracking,False,,edge,83,
1791177249169,,True,0.917,tracking,False,,unstable,113,
1791177249431,,True,0.913,tracking,False,,waiting_stable,84,
1791177249753,,True,0.924,tracking,False,,waiting_stable,105,
1791177250044,,True,0.89,tracking,False,,waiting_stable,89,
1791177250360,,True,0.873,analyzing,True,11,captured,97,
1791177250632,,True,0.869,analyzing,False,,analyzing,85,
1791177250957,,True,0.879,analyzing,False,,analyzing,108,
1791177251244,,True,0.858,analyzing,False,,analyzing,93,
1791177251560,,False,,analyzing,False,,analyzing,102,
1791177251835,,False,,analyzing,False,,analyzing,83,
1791177252153,,False,,analyzing,False,,analyzing,105,
1791177252443,,False,,analyzing,False,,analyzing,89,
1791177252589,,,,analyzing,,11,vlm_done,,2188
1791177252737,,False,,locked,False,,locked,92,
1791177253052,,False,,locked,False,,locked,95,
1791177253336,,False,,locked,False,,locked,85,
1791177253679,,False,,locked,False,,locked,128,
1791177253937,,False,,locked,False,,locked,87,
1791177254266,,False,,idle,False,,locked,111,
1791177254532,,False,,idle,False,,no_car,84,
1791177254851,,False,,idle,False,,no_car,99,
1791177255135,,False,,idle,False,,no_car,86,
1791177255466,,False,,idle,False,,no_car,110,
1791177255729,,False,,idle,False,,no_car,83,
1791177256051,,False,,idle,False,,no_car,105,
1791177256331,,False,,idle,False,,no_car,84,
1791177256678,,False,,idle,False,,no_car,120,
1791177256935,,False,,idle,False,,no_car,83,
1791177257232,,False,,idle,False,,no_car,81,
1791177257545,,False,,idle,False,,no_car,99,
1791177257856,,False,,idle,False,,no_car,100,
1791177258130,,False,,idle,False,,no_car,84,
1791177258469,,False,,idle,False,,no_car,117,
1791177258742,,True,0.772,idle,False,,edge,85,
1791177259340,,True,0.856,idle,False,,edge,85,
1791177259439,,True,0.839,idle,False,,edge,85,
1791177259645,,True,0.802,idle,False,,edge,97,
1791177259959,,True,0.806,idle,False,,edge,102,
1791177260456,,,,idle,False,,dropped,,
1791177260548,,True,0.866,tracking,False,,tracking_start,96,
1791177260832,,True,0.876,tracking,False,,unstable,86,
1791177261171,,True,0.854,tracking,False,,waiting_stable,113,
1791177261430,,True,0.87,tracking,False,,waiting_stable,83,
1791177261755,,True,0.775,tracking,False,,waiting_stable,106,
1791177262049,,True,0.837,analyzing,True,12,captured,92,
1791177262365,,False,,analyzing,False,,analyzing,108,
1791177262640,,True,0.824,analyzing,False,,analyzing,83,
1791177262946,,True,0.856,analyzing,False,,analyzing,97,
1791177263235,,True,0.784,analyzing,False,,analyzing,86,
1791177263564,,False,,analyzing,False,,analyzing,108,
1791177264059,,,,analyzing,False,,dropped,,
1791177264145,,False,,analyzing,False,,analyzing,93,
1791177264242,,,,analyzing,,12,vlm_done,,2153
1791177264434,,False,,locked,False,,locked,87,
1791177264765,,False,,locked,False,,locked,107,
1791177265039,,False,,locked,False,,locked,82,
1791177265368,,False,,locked,False,,locked,120,
1791177265629,,False,,locked,False,,locked,83,
1791177265971,,False,,locked,False,,locked,113,
1791177266452,,,,locked,False,,dropped,,
1791177266538,,False,,locked,False,,locked,89,
1791177266859,,False,,idle,False,,locked,108,
1791177267354,,,,idle,False,,dropped,,
1791177267443,,False,,idle,False,,no_car,94,
1791177267735,,False,,idle,False,,no_car,87,
1791177268063,,False,,idle,False,,no_car,110,
1791177268471,,False,,idle,False,,no_car,83,
1791177268945,,False,,idle,False,,no_car,90,
1791177269154,,,,idle,False,,dropped,,
1791177269249,,False,,idle,False,,no_car,97,
1791177269561,,False,,idle,False,,no_car,105,
1791177269832,,False,,idle,False,,no_car,85,
1791177270156,,False,,idle,False,,no_car,108,
1791177270431,,False,,idle,False,,no_car,86,
1791177270767,,False,,idle,False,,no_car,112,
1791177271030,,False,,idle,False,,no_car,82,
1791177271333,,True,0.882,idle,False,,edge,85,
1791177271653,,False,,idle,False,,no_car,107,
1791177271949,,False,,idle,False,,no_car,90,
1791177272235,,False,,idle,False,,no_car,84,
1791177272553,,False,,idle,False,,no_car,105,
1791177272838,,False,,idle,False,,no_car,83,
1791177288182,,False,,idle,False,,no_car,91,
1791177288431,,False,,idle,False,,no_car,86,
1791177288755,,False,,idle,False,,no_car,110,
1791177289029,,False,,idle,False,,no_car,84,
1791177289350,,False,,idle,False,,no_car,106,
1791177289630,,False,,idle,False,,no_car,84,
1791177289934,,False,,idle,False,,no_car,94,
1791177290240,,False,,idle,False,,no_car,96,
1791177290531,,False,,idle,False,,no_car,85,
1791177290838,,False,,idle,False,,no_car,96,
1791177291127,,False,,idle,False,,no_car,86,
1791177291440,,False,,idle,False,,no_car,96,
1791177291733,,False,,idle,False,,no_car,88,
1791177292046,,False,,idle,False,,no_car,101,
1791177292325,,False,,idle,False,,no_car,83,
1791177292647,,False,,idle,False,,no_car,107,
1791177292924,,False,,idle,False,,no_car,82,
1791177293253,,False,,idle,False,,no_car,110,
1791177293527,,False,,idle,False,,no_car,86,
1791177293847,,False,,idle,False,,no_car,108,
1791177294130,,False,,idle,False,,no_car,85,
1791177294446,,False,,idle,False,,no_car,103,
1791177294722,,False,,idle,False,,no_car,84,
1791177295040,,False,,idle,False,,no_car,102,
1791177295328,,False,,idle,False,,no_car,85,
1791177295654,,False,,idle,False,,no_car,110,
1791177295925,,True,0.776,idle,False,,edge,83,
1791177296229,,True,0.899,idle,False,,edge,89,
1791177296538,,True,0.93,idle,False,,edge,99,
1791177296832,,True,0.952,idle,False,,edge,87,
1791177297132,,True,0.951,idle,False,,edge,90,
1791177297438,,True,0.928,idle,False,,edge,95,
1791177297729,,True,0.898,idle,False,,edge,87,
1791177298064,,True,0.908,idle,False,,edge,111,
1791177298325,,True,0.954,idle,False,,edge,83,
1791177298642,,True,0.964,idle,False,,edge,100,
1791177298929,,False,,idle,False,,no_car,84,
1791177299264,,False,,idle,False,,no_car,118,
1791177299535,,False,,idle,False,,no_car,85,
1791177299842,,True,0.936,tracking,False,,tracking_start,99,
1791177300129,,True,0.911,tracking,False,,waiting_stable,87,
1791177300477,,True,0.939,tracking,False,,waiting_stable,119,
1791177300737,,True,0.931,tracking,False,,waiting_stable,85,
1791177301036,,True,0.937,analyzing,True,13,captured,85,
1791177301336,,True,0.927,analyzing,False,,analyzing,96,
1791177301627,,True,0.915,analyzing,False,,analyzing,84,
1791177301927,,False,,analyzing,False,,analyzing,84,
1791177302250,,False,,analyzing,False,,analyzing,109,
1791177302524,,False,,analyzing,False,,analyzing,84,
1791177302851,,False,,analyzing,False,,analyzing,106,
1791177303056,,,,analyzing,,13,vlm_done,,1977
1791177303137,,False,,locked,False,,locked,94,
1791177303425,,False,,locked,False,,locked,87,
1791177303755,,False,,locked,False,,locked,112,
1791177304029,,False,,locked,False,,locked,86,
1791177304337,,False,,locked,False,,locked,98,
1791177304630,,False,,idle,False,,locked,90,
1791177304942,,False,,idle,False,,no_car,101,
1791177305228,,False,,idle,False,,no_car,85,
1791177305550,,False,,idle,False,,no_car,97,
1791177305824,,False,,idle,False,,no_car,85,
1791177306131,,False,,idle,False,,no_car,86,
1791177306441,,False,,idle,False,,no_car,98,
1791177306723,,False,,idle,False,,no_car,85,
1791177307026,,False,,idle,False,,no_car,86,
1791177307338,,False,,idle,False,,no_car,98,
1791177307626,,False,,idle,False,,no_car,83,
1791177307946,,False,,idle,False,,no_car,105,
1791177308224,,False,,idle,False,,no_car,85,
1791177308553,,True,0.78,idle,False,,edge,110,
1791177308829,,True,0.825,idle,False,,edge,84,
1791177309138,,True,0.834,idle,False,,edge,98,
1791177309424,,True,0.84,idle,False,,edge,84,
1791177309761,,True,0.87,tracking,False,,tracking_start,112,
1791177310037,,True,0.89,tracking,False,,edge,90,
1791177310324,,True,0.82,tracking,False,,unstable,85,
1791177310626,,True,0.84,tracking,False,,waiting_stable,88,
1791177310926,,False,,tracking,False,,no_car,83,
1791177311257,,True,0.804,tracking,False,,unstable,113,
1791177311523,,True,0.787,tracking,False,,waiting_stable,84,
1791177311857,,True,0.803,tracking,False,,waiting_stable,110,
1791177312129,,True,0.811,tracking,False,,waiting_stable,84,
1791177312450,,True,0.822,analyzing,True,14,captured,102,
1791177312728,,True,0.815,analyzing,False,,analyzing,86,
1791177313034,,True,0.825,analyzing,False,,analyzing,90,
1791177313322,,False,,analyzing,False,,analyzing,83,
1791177313672,,False,,analyzing,False,,analyzing,120,
1791177313926,,False,,analyzing,False,,analyzing,85,
1791177314266,,False,,analyzing,False,,analyzing,122,
1791177314526,,,,analyzing,,14,vlm_done,,2030
1791177314557,,False,,locked,False,,locked,115,
1791177314841,,False,,locked,False,,locked,96,
1791177315129,,False,,locked,False,,locked,91,
1791177315440,,False,,locked,False,,locked,101,
1791177315724,,False,,locked,False,,locked,84,
1791177316056,,False,,idle,False,,locked,112,
1791177316328,,False,,idle,False,,no_car,87,
1791177316643,,False,,idle,False,,no_car,103,
1791177316925,,False,,idle,False,,no_car,84,
1791177317255,,False,,idle,False,,no_car,110,
1791177317531,,False,,idle,False,,no_car,85,
1791177317824,,False,,idle,False,,no_car,86,
1791177318151,,False,,idle,False,,no_car,109,
1791177318426,,False,,idle,False,,no_car,83,
1791177318744,,False,,idle,False,,no_car,105,
1791177319023,,False,,idle,False,,no_car,84,
1791177319333,,False,,idle,False,,no_car,92,
1791177319627,,False,,idle,False,,no_car,83,
1791177319945,,False,,idle,False,,no_car,105,
1791177320224,,False,,idle,False,,no_car,84,
1791177320543,,False,,idle,False,,no_car,103,
1791177320832,,False,,idle,False,,no_car,83,
1791177321127,,False,,idle,False,,no_car,88,
1791177321451,,False,,idle,False,,no_car,110,
1791177321730,,False,,idle,False,,no_car,82,
1791177322043,,False,,idle,False,,no_car,100,
1791177322327,,False,,idle,False,,no_car,87,
1791177322624,,False,,idle,False,,no_car,85,
1791177322948,,False,,idle,False,,no_car,107,
1791177323232,,True,0.764,idle,False,,edge,84,
1791177323539,,True,0.829,idle,False,,edge,99,
1791177323829,,True,0.885,idle,False,,edge,86,
1791177324141,,True,0.877,idle,False,,edge,97,
1791177324430,,True,0.871,idle,False,,edge,84,
1791177324747,,True,0.918,idle,False,,edge,103,
1791177325034,,True,0.909,idle,False,,edge,85,
1791177325327,,True,0.932,idle,False,,edge,87,
1791177325647,,True,0.913,idle,False,,edge,102,
1791177325932,,True,0.932,idle,False,,edge,87,
1791177326246,,True,0.932,idle,False,,edge,101,
1791177326557,,True,0.928,idle,False,,edge,104,
1791177326831,,True,0.936,idle,False,,edge,86,
1791177327142,,True,0.932,idle,False,,edge,98,
1791177327436,,True,0.931,idle,False,,edge,88,
1791177327764,,True,0.932,idle,False,,edge,110,
1791177328041,,True,0.927,idle,False,,edge,87,
1791177328333,,True,0.92,idle,False,,edge,87,
1791177328628,,True,0.871,idle,False,,edge,85,
1791177328941,,True,0.89,tracking,False,,tracking_start,99,
1791177329230,,True,0.911,tracking,False,,waiting_stable,84,
1791177329596,,False,,tracking,False,,no_car,141,
1791177329824,,True,0.905,tracking,False,,unstable,85,
1791177330149,,True,0.922,tracking,False,,waiting_stable,108,
1791177330434,,True,0.921,tracking,False,,waiting_stable,87,
1791177330726,,True,0.921,tracking,False,,waiting_stable,85,
1791177331069,,True,0.933,analyzing,True,15,captured,112,
1791177331350,,True,0.92,analyzing,False,,analyzing,89,
1791177331638,,True,0.894,analyzing,False,,analyzing,93,
1791177331958,,True,0.944,analyzing,False,,analyzing,104,
1791177332223,,True,0.93,analyzing,False,,analyzing,84,
1791177332545,,False,,analyzing,False,,analyzing,105,
1791177332833,,False,,analyzing,False,,analyzing,87,
1791177332963,,,,analyzing,,15,vlm_done,,1861
1791177333138,,False,,locked,False,,locked,97,
1791177333437,,False,,locked,False,,locked,93,
1791177333723,,False,,locked,False,,locked,83,
1791177334055,,False,,locked,False,,locked,112,
1791177334335,,False,,locked,False,,locked,97,
1791177334625,,False,,locked,False,,locked,83,
1791177334945,,False,,idle,False,,locked,102,
1791177335232,,False,,idle,False,,no_car,84,
1791177335535,,False,,idle,False,,no_car,94,
1791177335832,,False,,idle,False,,no_car,88,
1791177336130,,False,,idle,False,,no_car,89,
1791177336444,,False,,idle,False,,no_car,100,
1791177336730,,False,,idle,False,,no_car,89,
1791177337038,,False,,idle,False,,no_car,98,
1791177337334,,False,,idle,False,,no_car,90,
1791177337642,,False,,idle,False,,no_car,99,
1791177337927,,False,,idle,False,,no_car,85,
1791177338280,,False,,idle,False,,no_car,119,
1791177338527,,False,,idle,False,,no_car,85,
1791177338849,,False,,idle,False,,no_car,105,
1791177339120,,False,,idle,False,,no_car,82,
1791177371582,,False,,idle,False,,no_car,89,
1791177371861,,False,,idle,False,,no_car,86,
1791177372170,,False,,idle,False,,no_car,96,
1791177372458,,False,,idle,False,,no_car,86,
1791177372753,,False,,idle,False,,no_car,85,
1791177373060,,False,,idle,False,,no_car,91,
1791177378086,,False,,idle,False,,no_car,88,
1791177378360,,False,,idle,False,,no_car,84,
1791177378679,,False,,idle,False,,no_car,105,
1791177378958,,False,,idle,False,,no_car,84,
1791177379290,,False,,idle,False,,no_car,115,
1791177379562,,False,,idle,False,,no_car,86,
1791177379828,,False,,idle,False,,no_car,83,
1791177380163,,False,,idle,False,,no_car,117,
1791177380440,,False,,idle,False,,no_car,85,
1791177380757,,False,,idle,False,,no_car,103,
1791177381035,,False,,idle,False,,no_car,83,
1791177381350,,True,0.868,tracking,False,,tracking_start,98,
1791177381642,,True,0.907,tracking,False,,waiting_stable,88,
1791177381941,,True,0.922,tracking,False,,waiting_stable,90,
1791177382257,,False,,tracking,False,,no_car,100,
1791177382545,,False,,tracking,False,,no_car,87,
1791177382849,,True,0.937,tracking,False,,edge,95,
1791177383140,,True,0.939,tracking,False,,unstable,85,
1791177383461,,True,0.931,tracking,False,,waiting_stable,106,
1791177383741,,True,0.933,tracking,False,,waiting_stable,88,
1791177384039,,True,0.934,tracking,False,,waiting_stable,89,
1791177384373,,True,0.928,analyzing,True,16,captured,111,
1791177384649,,True,0.927,analyzing,False,,analyzing,91,
1791177384942,,True,0.929,analyzing,False,,analyzing,88,
1791177385264,,True,0.796,analyzing,False,,analyzing,107,
1791177385541,,False,,analyzing,False,,analyzing,85,
1791177385836,,False,,analyzing,False,,analyzing,87,
1791177386142,,False,,analyzing,False,,analyzing,91,
1791177386299,,,,analyzing,,16,vlm_done,,1889
1791177386440,,False,,locked,False,,locked,89,
1791177386750,,False,,locked,False,,locked,97,
1791177387031,,False,,locked,False,,locked,84,
1791177387370,,False,,locked,False,,locked,120,
1791177387650,,False,,locked,False,,locked,95,
1791177387939,,False,,locked,False,,locked,85,
1791177388236,,False,,idle,False,,locked,89,
1791177388557,,False,,idle,False,,no_car,107,
1791177388842,,False,,idle,False,,no_car,89,
1791177389159,,True,0.921,idle,False,,edge,105,
1791177389451,,True,0.754,tracking,False,,tracking_start,97,
1791177389736,,True,0.853,tracking,False,,edge,86,
1791177390052,,False,,tracking,False,,no_car,100,
1791177390342,,False,,tracking,False,,no_car,88,
1791177390657,,False,,tracking,False,,no_car,101,
1791177390936,,False,,tracking,False,,no_car,85,
1791177391260,,False,,tracking,False,,no_car,106,
1791177391545,,False,,tracking,False,,no_car,90,
1791177391853,,False,,tracking,False,,no_car,97,
1791177392133,,False,,tracking,False,,no_car,83,
1791177392470,,False,,idle,False,,no_car,112,
1791177392742,,False,,idle,False,,no_car,87,
1791177393044,,False,,idle,False,,no_car,89,
1791177393339,,True,0.861,tracking,False,,tracking_start,88,
1791177393659,,True,0.895,tracking,False,,waiting_stable,106,
1791177393944,,True,0.872,tracking,False,,waiting_stable,87,
1791177394242,,True,0.904,tracking,False,,waiting_stable,86,
1791177394537,,True,0.898,tracking,False,,unstable,86,
1791177394855,,True,0.886,tracking,False,,waiting_stable,105,
1791177395133,,False,,tracking,False,,no_car,84,
1791177395462,,False,,tracking,False,,no_car,111,
1791177395734,,False,,tracking,False,,no_car,85,
1791177396084,,False,,tracking,False,,no_car,131,
1791177396331,,False,,tracking,False,,no_car,86,
1791177396676,,True,0.815,tracking,False,,unstable,129,
1791177396934,,False,,tracking,False,,no_car,84,
1791177397260,,False,,tracking,False,,no_car,107,
1791177397557,,False,,tracking,False,,no_car,101,
1791177397844,,True,0.768,tracking,False,,unstable,84,
1791177398140,,False,,tracking,False,,no_car,88,
1791177398468,,False,,tracking,False,,no_car,110,
1791177398761,,False,,tracking,False,,no_car,117,
1791177399045,,False,,tracking,False,,no_car,84,
1791177399337,,False,,tracking,False,,no_car,88,
1791177399665,,False,,tracking,False,,no_car,112,
1791177399941,,False,,tracking,False,,no_car,85,
1791177400269,,False,,tracking,False,,no_car,113,
1791177400531,,False,,tracking,False,,no_car,85,
1791177400856,,False,,idle,False,,no_car,106,
1791177401140,,False,,idle,False,,no_car,84,
1791177401464,,False,,idle,False,,no_car,107,
1791177401737,,False,,idle,False,,no_car,88,
1791177402056,,True,0.85,idle,False,,edge,104,
1791177402338,,False,,idle,False,,no_car,83,
1791177402655,,False,,idle,False,,no_car,99,
1791177402939,,True,0.891,tracking,False,,tracking_start,87,
1791177403237,,True,0.876,tracking,False,,waiting_stable,85,
1791177403559,,False,,tracking,False,,no_car,107,
1791177403846,,False,,tracking,False,,no_car,84,
1791177404133,,False,,tracking,False,,no_car,84,
1791177404463,,False,,tracking,False,,no_car,109,
1791177404741,,False,,tracking,False,,no_car,85,
1791177405061,,False,,tracking,False,,no_car,104,
1791177405354,,False,,tracking,False,,no_car,92,
1791177405637,,False,,tracking,False,,no_car,85,
1791177405957,,True,0.752,tracking,False,,unstable,102,
1791177406240,,True,0.78,tracking,False,,waiting_stable,83,
1791177406557,,True,0.835,tracking,False,,waiting_stable,105,
1791177406839,,False,,tracking,False,,no_car,84,
1791177407158,,False,,tracking,False,,no_car,103,
1791177407434,,False,,tracking,False,,no_car,84,
1791177407737,,False,,tracking,False,,no_car,91,
1791177408045,,False,,tracking,False,,no_car,90,
1791177408352,,True,0.774,tracking,False,,unstable,98,
1791177408643,,True,0.878,tracking,False,,waiting_stable,86,
1791177408936,,False,,tracking,False,,no_car,88,
1791177409257,,False,,tracking,False,,no_car,105,
1791177409536,,False,,tracking,False,,no_car,84,
1791177409844,,False,,tracking,False,,no_car,98,
1791177410147,,False,,tracking,False,,no_car,96,
1791177410435,,False,,tracking,False,,no_car,83,
1791177410763,,False,,tracking,False,,no_car,109,
1791177411034,,False,,tracking,False,,no_car,83,
1791177411358,,False,,tracking,False,,no_car,107,
1791177411633,,False,,idle,False,,no_car,82,
1791177411962,,False,,idle,False,,no_car,109,
1791177412233,,False,,idle,False,,no_car,83,
1791177412557,,True,0.912,idle,False,,edge,107,
1791177412836,,False,,idle,False,,no_car,84,
1791177413169,,False,,idle,False,,no_car,114,
1791177413437,,True,0.788,idle,False,,edge,88,
1791177413760,,True,0.879,idle,False,,edge,108,
1791177414039,,True,0.836,idle,False,,edge,83,
1791177414362,,True,0.827,idle,False,,edge,106,
1791177414649,,True,0.8,idle,False,,edge,88,
1791177414937,,True,0.842,idle,False,,edge,85,
1791177415273,,True,0.787,idle,False,,edge,113,
1791177415536,,True,0.845,idle,False,,edge,84,
1791177415852,,True,0.799,idle,False,,edge,103,
1791177416141,,True,0.818,idle,False,,edge,91,
1791177416461,,True,0.835,idle,False,,edge,105,
1791177416745,,True,0.856,idle,False,,edge,85,
1791177417035,,True,0.831,idle,False,,edge,83,
1791177417355,,True,0.831,idle,False,,edge,105,
1791177417633,,True,0.839,idle,False,,edge,85,
1791177417979,,True,0.812,idle,False,,edge,116,
1791177418248,,True,0.825,idle,False,,edge,82,
1791177418535,,True,0.857,idle,False,,edge,85,
1791177418855,,True,0.931,idle,False,,edge,104,
1791177419140,,False,,idle,False,,no_car,85,
1791177419429,,True,0.921,idle,False,,edge,83,
1791177419754,,True,0.94,idle,False,,edge,107,
1791177420039,,True,0.926,idle,False,,edge,87,
1791177420372,,True,0.926,idle,False,,edge,116,
1791177420630,,True,0.915,idle,False,,edge,83,
1791177420955,,True,0.923,idle,False,,edge,107,
1791177421233,,False,,idle,False,,no_car,83,
1791177421564,,True,0.941,tracking,False,,tracking_start,109,
1791177421832,,False,,tracking,False,,no_car,86,
1791177422159,,True,0.938,tracking,False,,unstable,110,
1791177422443,,True,0.928,tracking,False,,waiting_stable,91,
1791177422755,,True,0.921,tracking,False,,waiting_stable,98,
1791177423035,,True,0.921,tracking,False,,waiting_stable,84,
1791177423362,,True,0.927,analyzing,True,17,captured,105,
1791177423636,,True,0.937,analyzing,False,,analyzing,85,
1791177423965,,True,0.939,analyzing,False,,analyzing,108,
1791177424231,,True,0.922,analyzing,False,,analyzing,84,
1791177424568,,False,,analyzing,False,,analyzing,116,
1791177424836,,False,,analyzing,False,,analyzing,82,
1791177425167,,False,,analyzing,False,,analyzing,111,
1791177425445,,False,,analyzing,False,,analyzing,93,
1791177425743,,False,,analyzing,False,,analyzing,92,
1791177426038,,False,,analyzing,False,,analyzing,87,
1791177426336,,False,,analyzing,False,,analyzing,83,
1791177426650,,False,,analyzing,False,,analyzing,103,
1791177426937,,False,,analyzing,False,,analyzing,85,
1791177427252,,False,,analyzing,False,,analyzing,101,
1791177427538,,False,,analyzing,False,,analyzing,85,
1791177427837,,False,,analyzing,False,,analyzing,92,
1791177428149,,False,,analyzing,False,,analyzing,101,
1791177428436,,False,,analyzing,False,,analyzing,84,
1791177428765,,False,,analyzing,False,,analyzing,113,
1791177428796,,,,analyzing,,17,vlm_done,,5399
1791177429031,,False,,idle,False,,locked,85,
1791177429355,,False,,idle,False,,no_car,108,
1791177429640,,False,,idle,False,,no_car,89,
1791177429954,,False,,idle,False,,no_car,101,
1791177430231,,False,,idle,False,,no_car,84,
1791177430571,,False,,idle,False,,no_car,121,
1791177430840,,False,,idle,False,,no_car,84,
1791177431150,,False,,idle,False,,no_car,97,
1791177431429,,False,,idle,False,,no_car,82,
1791177431761,,False,,idle,False,,no_car,113,
1791177432037,,False,,idle,False,,no_car,85,
1791177432359,,False,,idle,False,,no_car,107,
1791177432633,,False,,idle,False,,no_car,84,
1791177432953,,False,,idle,False,,no_car,104,
1791177433235,,False,,idle,False,,no_car,83,
1791177433564,,False,,idle,False,,no_car,110,
1791177433837,,False,,idle,False,,no_car,86,
1791177434159,,False,,idle,False,,no_car,107,
1791177434435,,False,,idle,False,,no_car,83,
1791177434767,,False,,idle,False,,no_car,112,
1791177435036,,False,,idle,False,,no_car,84,
1791177435334,,False,,idle,False,,no_car,86,
1791177435651,,False,,idle,False,,no_car,102,
1791177435940,,False,,idle,False,,no_car,86,
1791177436240,,True,0.889,idle,False,,edge,93,
1791177436550,,True,0.913,idle,False,,edge,102,
1791177436836,,True,0.9,idle,False,,edge,84,
1791177437166,,True,0.906,idle,False,,edge,109,
1791177437428,,True,0.844,idle,False,,edge,83,
1791177437778,,True,0.921,idle,False,,edge,124,
1791177438079,,True,0.931,idle,False,,edge,93,
1791177438339,,True,0.905,idle,False,,edge,83,
1791177438640,,True,0.888,idle,False,,edge,92,
1791177438939,,False,,idle,False,,no_car,88,
1791177439244,,True,0.821,idle,False,,edge,95,
1791177439550,,True,0.892,idle,False,,edge,96,
1791177439834,,True,0.854,idle,False,,edge,83,
1791177440160,,True,0.928,idle,False,,edge,110,
1791177440438,,True,0.898,idle,False,,edge,85,
1791177440752,,True,0.884,idle,False,,edge,97,
1791177441036,,True,0.898,tracking,False,,tracking_start,85,
1791177441358,,True,0.89,tracking,False,,waiting_stable,106,
1791177441636,,True,0.864,tracking,False,,edge,83,
1791177441964,,True,0.872,tracking,False,,edge,108,
1791177442236,,True,0.871,tracking,False,,edge,85,
1791177442557,,True,0.872,tracking,False,,edge,106,
1791177442833,,True,0.871,tracking,False,,edge,84,
1791177443168,,True,0.863,tracking,False,,edge,114,
1791177443434,,True,0.916,tracking,False,,unstable,84,
1791177443764,,True,0.926,tracking,False,,waiting_stable,111,
1791177444036,,True,0.897,tracking,False,,waiting_stable,82,
1791177444359,,True,0.899,tracking,False,,waiting_stable,103,
1791177444641,,True,0.888,analyzing,True,18,captured,84,
1791177444957,,True,0.892,analyzing,False,,analyzing,105,
1791177445238,,True,0.892,analyzing,False,,analyzing,85,
1791177445560,,True,0.891,analyzing,False,,analyzing,107,
1791177445835,,True,0.878,analyzing,False,,analyzing,84,
1791177446158,,True,0.924,analyzing,False,,analyzing,107,
1791177446437,,True,0.884,analyzing,False,,analyzing,84,
1791177446760,,True,0.888,analyzing,False,,analyzing,104,
1791177447039,,True,0.908,analyzing,False,,analyzing,86,
1791177447354,,True,0.916,analyzing,False,,analyzing,102,
1791177447645,,True,0.917,analyzing,False,,analyzing,86,
1791177447937,,True,0.88,analyzing,False,,analyzing,86,
1791177448246,,True,0.908,analyzing,False,,analyzing,97,
1791177448535,,True,0.889,analyzing,False,,analyzing,85,
1791177448844,,True,0.897,analyzing,False,,analyzing,84,
1791177449157,,True,0.906,analyzing,False,,analyzing,101,
1791177449431,,True,0.927,analyzing,False,,analyzing,83,
1791177449733,,True,0.916,analyzing,False,,analyzing,87,
1791177450078,,True,0.913,analyzing,False,,analyzing,117,
1791177450339,,True,0.91,analyzing,False,,analyzing,82,
1791177450637,,True,0.893,analyzing,False,,analyzing,90,
1791177450941,,True,0.896,analyzing,False,,analyzing,91,
1791177451237,,False,,analyzing,False,,analyzing,86,
1791177451560,,False,,analyzing,False,,analyzing,106,
1791177451829,,False,,analyzing,False,,analyzing,82,
1791177452153,,False,,analyzing,False,,analyzing,104,
1791177452450,,False,,analyzing,False,,analyzing,98,
1791177452463,,,,analyzing,,18,vlm_done,,7775
1791177452770,,False,,locked,False,,locked,116,
1791177453029,,False,,locked,False,,locked,83,
1791177453336,,True,0.894,idle,False,,locked,87,
1791177453661,,True,0.882,idle,False,,edge,111,
1791177453937,,False,,idle,False,,no_car,82,
1791177454228,,False,,idle,False,,no_car,84,
1791177454561,,False,,idle,False,,no_car,111,
1791177454838,,False,,idle,False,,no_car,83,
1791177455154,,False,,idle,False,,no_car,101,
1791177455439,,False,,idle,False,,no_car,87,
1791177455741,,False,,idle,False,,no_car,90,
1791177456040,,False,,idle,False,,no_car,88,
1791177456359,,False,,idle,False,,no_car,103,
1791177656566,,,,idle,False,,dropped,,
1791177656897,,,,idle,False,,dropped,,
1791177657166,,,,idle,False,,dropped,,
1791177657469,,,,idle,False,,dropped,,
1791177657742,,,,idle,False,,dropped,,
1791177658053,,,,idle,False,,dropped,,
1791177658374,,,,idle,False,,dropped,,
1791177658671,,,,idle,False,,dropped,,
1791177658954,,,,idle,False,,dropped,,
1791177659286,,,,idle,False,,dropped,,
1791177659546,,,,idle,False,,dropped,,
1791177659850,,,,idle,False,,dropped,,
1791177660155,,,,idle,False,,dropped,,
1791177660452,,,,idle,False,,dropped,,
1791177660460,,False,,idle,False,,no_car,4150,
1791177660889,,False,,idle,False,,no_car,140,
1791177661123,,False,,idle,False,,no_car,85,
1791177661455,,False,,idle,False,,no_car,109,
1791177661735,,False,,idle,False,,no_car,84,
1791177662029,,True,0.915,idle,False,,edge,87,
1791177662329,,True,0.836,tracking,False,,tracking_start,92,
1791177662652,,True,0.875,tracking,False,,waiting_stable,109,
1791177662930,,True,0.884,tracking,False,,waiting_stable,86,
1791177663245,,True,0.896,tracking,False,,waiting_stable,103,
1791177663576,,True,0.898,analyzing,True,1,captured,85,
1791177663855,,True,0.905,analyzing,False,,analyzing,108,
1791177664132,,True,0.903,analyzing,False,,analyzing,83,
1791177664425,,True,0.899,analyzing,False,,analyzing,86,
1791177664752,,False,,analyzing,False,,analyzing,108,
1791177665029,,False,,analyzing,False,,analyzing,85,
1791177665202,,,,analyzing,,1,vlm_error,,
1791177665349,,False,,locked,False,,locked,106,
1791177665628,,False,,locked,False,,locked,82,
1791177665945,,False,,locked,False,,locked,103,
1791177666255,,False,,locked,False,,locked,108,
1791177666534,,False,,locked,False,,locked,84,
1791177666830,,False,,locked,False,,locked,89,
1791177667120,,False,,locked,False,,locked,83,
1791177667457,,False,,idle,False,,locked,115,
1791177667722,,False,,idle,False,,no_car,82,
1791177668044,,False,,idle,False,,no_car,106,
1791177668329,,False,,idle,False,,no_car,86,
1791177668630,,False,,idle,False,,no_car,85,
1791177668951,,False,,idle,False,,no_car,105,
1791177669364,,False,,idle,False,,no_car,215,
1791177669629,,False,,idle,False,,no_car,187,
1791177669916,,True,0.852,idle,False,,edge,168,
1791177670132,,True,0.797,idle,False,,edge,86,
1791177670427,,False,,idle,False,,no_car,89,
1791177670737,,False,,idle,False,,no_car,98,
1791177671034,,False,,idle,False,,no_car,88,
1791177671333,,False,,idle,False,,no_car,92,
1791177671628,,False,,idle,False,,no_car,87,
1791177671953,,False,,idle,False,,no_car,105,
1791177672228,,False,,idle,False,,no_car,83,
1791177672552,,True,0.904,tracking,False,,tracking_start,106,
1791177672826,,True,0.878,tracking,False,,waiting_stable,84,
1791177673164,,True,0.914,tracking,False,,waiting_stable,114,
1791177673424,,True,0.879,tracking,False,,waiting_stable,84,
1791177673739,,True,0.903,analyzing,True,2,captured,95,
1791177674043,,True,0.908,analyzing,False,,analyzing,101,
1791177674327,,True,0.914,analyzing,False,,analyzing,90,
1791177674626,,True,0.923,analyzing,False,,analyzing,85,
1791177674948,,True,0.915,analyzing,False,,analyzing,106,
1791177675224,,True,0.919,analyzing,False,,analyzing,84,
1791177675532,,True,0.926,analyzing,False,,analyzing,99,
1791177675832,,True,0.909,analyzing,False,,analyzing,93,
1791177676126,,True,0.903,analyzing,False,,analyzing,86,
1791177676449,,True,0.893,analyzing,False,,analyzing,105,
1791177676765,,True,0.921,analyzing,False,,analyzing,114,
1791177677032,,True,0.91,analyzing,False,,analyzing,86,
1791177677343,,True,0.906,analyzing,False,,analyzing,99,
1791177677628,,True,0.902,analyzing,False,,analyzing,89,
1791177677937,,True,0.914,analyzing,False,,analyzing,95,
1791177678228,,True,0.928,analyzing,False,,analyzing,88,
1791177678523,,False,,analyzing,False,,analyzing,88,
1791177678862,,False,,analyzing,False,,analyzing,118,
1791177678890,,,,analyzing,,2,vlm_done,,5105
1791177679147,,False,,locked,False,,locked,112,
1791177679428,,False,,locked,False,,locked,82,
1791177679727,,False,,locked,False,,locked,89,
1791177680035,,False,,locked,False,,locked,90,
1791177680329,,False,,locked,False,,locked,87,
1791177680633,,False,,locked,False,,locked,88,
1791177680929,,False,,locked,False,,locked,84,
1791177681236,,False,,idle,False,,locked,96,
1791177681527,,False,,idle,False,,no_car,85,
1791177681831,,False,,idle,False,,no_car,95,
1791177682131,,False,,idle,False,,no_car,91,
1791177682442,,False,,idle,False,,no_car,97,
1791177682728,,False,,idle,False,,no_car,84,
1791177683037,,False,,idle,False,,no_car,92,
1791177683334,,False,,idle,False,,no_car,89,
1791177683628,,False,,idle,False,,no_car,89,
1791177683939,,False,,idle,False,,no_car,96,
1791177684224,,False,,idle,False,,no_car,83,
1791177684528,,False,,idle,False,,no_car,91,
1791177684839,,False,,idle,False,,no_car,99,
1791177685127,,False,,idle,False,,no_car,83,
1791177685431,,False,,idle,False,,no_car,94,
1791177685751,,False,,idle,False,,no_car,105,
1791177686025,,False,,idle,False,,no_car,85,
1791177686321,,False,,idle,False,,no_car,86,
1791177686650,,False,,idle,False,,no_car,104,
1791177686927,,False,,idle,False,,no_car,83,
1791177687243,,False,,idle,False,,no_car,99,
1791177687520,,False,,idle,False,,no_car,84,
1791177687852,,False,,idle,False,,no_car,106,
1791177688121,,False,,idle,False,,no_car,82,
1791177688430,,False,,idle,False,,no_car,92,
1791177688746,,False,,idle,False,,no_car,101,
1791177689028,,True,0.804,idle,False,,edge,87,
1791177689340,,False,,idle,False,,no_car,99,
1791177689627,,False,,idle,False,,no_car,87,
1791177689938,,True,0.752,idle,False,,edge,95,
1791177690232,,False,,idle,False,,no_car,88,
1791177690525,,False,,idle,False,,no_car,85,
1791177690841,,True,0.786,idle,False,,edge,100,
1791177691121,,False,,idle,False,,no_car,82,
1791177691450,,True,0.872,idle,False,,edge,103,
1791177691723,,True,0.863,idle,False,,edge,82,
1791177692054,,False,,idle,False,,no_car,108,
1791177692319,,True,0.769,tracking,False,,tracking_start,84,
1791177692654,,False,,tracking,False,,no_car,113,
1791177692927,,False,,tracking,False,,no_car,85,
1791177693246,,False,,tracking,False,,no_car,100,
1791177693529,,False,,tracking,False,,no_car,86,
1791177693825,,True,0.826,tracking,False,,unstable,88,
1791177694139,,True,0.876,tracking,False,,waiting_stable,99,
1791177694430,,True,0.866,tracking,False,,waiting_stable,85,
1791177694727,,True,0.776,tracking,False,,waiting_stable,88,
1791177695040,,True,0.883,analyzing,True,3,captured,94,
1791177695333,,True,0.873,analyzing,False,,analyzing,91,
1791177695628,,True,0.852,analyzing,False,,analyzing,86,
1791177695920,,True,0.789,analyzing,False,,analyzing,84,
1791177696243,,True,0.839,analyzing,False,,analyzing,102,
1791177696527,,True,0.769,analyzing,False,,analyzing,84,
1791177696833,,True,0.822,analyzing,False,,analyzing,95,
1791177697121,,True,0.771,analyzing,False,,analyzing,85,
1791177697443,,True,0.802,analyzing,False,,analyzing,103,
1791177697729,,True,0.768,analyzing,False,,analyzing,90,
1791177698028,,True,0.808,analyzing,False,,analyzing,91,
1791177698378,,True,0.835,analyzing,False,,analyzing,134,
1791177699182,,True,0.788,analyzing,False,,analyzing,97,
1791177699954,,,,analyzing,,3,vlm_done,,4888
1791177700201,,True,0.857,locked,False,,locked,110,
1791177701182,,True,0.771,locked,False,,locked,91,
1791177702210,,True,0.811,locked,False,,locked,120,
1791177703198,,True,0.808,locked,False,,locked,110,
1791177704126,,True,0.87,locked,False,,locked,51,
1791177705136,,True,0.759,locked,False,,locked,58,
1791177706135,,True,0.843,locked,False,,locked,54,
1791177707147,,True,0.866,locked,False,,locked,70,
1791177708143,,True,0.837,locked,False,,locked,56,
1791177710142,,True,0.791,locked,False,,locked,53,
1791177711182,,True,0.775,locked,False,,locked,97,
1791177712142,,True,0.857,locked,False,,locked,50,
1791177713144,,True,0.861,locked,False,,locked,45,
1791177714178,,True,0.76,locked,False,,locked,89,
1791177715144,,True,0.762,locked,False,,locked,50,
1791177716137,,True,0.879,locked,False,,locked,55,
1791177717137,,True,0.882,locked,False,,locked,51,
1791177718139,,True,0.88,locked,False,,locked,52,
1791177719137,,True,0.822,locked,False,,locked,51,
1791177720176,,True,0.797,locked,False,,locked,90,
1791177721148,,True,0.857,locked,False,,locked,51,
1791177722127,,True,0.854,locked,False,,locked,47,
1791177723131,,True,0.883,locked,False,,locked,52,
1791177724129,,True,0.852,locked,False,,locked,49,
1791177725143,,True,0.894,locked,False,,locked,54,
1791177726140,,True,0.846,locked,False,,locked,51,
1791177727154,,False,,locked,False,,locked,63,
1791177728157,,False,,locked,False,,locked,62,
1791177729128,,True,0.766,locked,False,,locked,53,
1791177730131,,True,0.787,locked,False,,locked,54,
1791177731126,,True,0.785,locked,False,,locked,52,
1791177732132,,True,0.774,locked,False,,locked,56,
1791177733130,,True,0.793,locked,False,,locked,46,
1791177734135,,True,0.76,locked,False,,locked,52,
1791177735179,,False,,locked,False,,locked,89,
1791177736150,,False,,locked,False,,locked,59,
1791177737156,,True,0.754,locked,False,,locked,51,
1791177738134,,True,0.756,locked,False,,locked,51,
1791177739138,,False,,locked,False,,locked,52,
1791177740144,,True,0.759,locked,False,,locked,59,
1791177741147,,True,0.837,locked,False,,locked,66,
1791177742131,,True,0.797,locked,False,,locked,51,
1791177743130,,True,0.907,locked,False,,locked,48,
1791177748265,,,,idle,False,,dropped,,
1791177748266,,,,idle,False,,dropped,,
1791177748268,,,,idle,False,,dropped,,
1791177748270,,,,idle,False,,dropped,,
1791177749088,,,,idle,False,,dropped,,
1791177749884,,True,0.818,idle,False,,edge,1619,
1791177750127,,True,0.825,idle,False,,edge,51,
1791177751125,,True,0.816,tracking,False,,tracking_start,45,
1791177752145,,True,0.856,tracking,False,,waiting_stable,70,
1791177753129,,True,0.886,tracking,False,,edge,50,
1791177754137,,True,0.826,tracking,False,,unstable,51,
1791177755141,,False,,tracking,False,,no_car,54,
1791177756180,,False,,tracking,False,,no_car,92,
1791177757151,,True,0.862,tracking,False,,unstable,68,
1791177758121,,True,0.846,tracking,False,,waiting_stable,44,
1791177759165,,False,,tracking,False,,no_car,81,
1791177760135,,True,0.837,tracking,False,,unstable,51,
1791177761140,,True,0.817,tracking,False,,waiting_stable,55,
1791177761853,,,,tracking,False,,dropped,,
1791177761909,,True,0.87,tracking,False,,waiting_stable,65,
1791177762231,,True,0.835,tracking,False,,waiting_stable,91,
1791177762493,,True,0.787,tracking,False,,edge,52,
1791177762849,,True,0.894,tracking,False,,edge,101,
1791177763083,,True,0.878,tracking,False,,edge,45,
1791177763443,,True,0.862,tracking,False,,edge,91,
1791177763679,,True,0.854,tracking,False,,edge,44,
1791177764044,,True,0.82,tracking,False,,edge,100,
1791177768506,,False,,tracking,False,,no_car,136,
1791177768725,,True,0.76,tracking,False,,edge,84,
1791177769042,,True,0.765,tracking,False,,edge,100,
1791177769327,,True,0.82,tracking,False,,unstable,84,
1791177769645,,True,0.751,tracking,False,,edge,104,
1791177769932,,True,0.842,tracking,False,,unstable,85,
1791177772224,,False,,tracking,False,,no_car,86,
1791177772503,,False,,tracking,False,,no_car,84,
1791177772858,,True,0.847,tracking,False,,edge,131,
1791177773108,,False,,tracking,False,,no_car,84,
1791177773427,,False,,tracking,False,,no_car,102,
1791177773714,,True,0.867,tracking,False,,edge,85,
1791177774016,,True,0.913,tracking,False,,edge,93,
1791177774304,,True,0.89,tracking,False,,edge,85,
1791177774637,,True,0.925,tracking,False,,edge,111,
1791177774910,,True,0.917,idle,False,,edge,87,
1791177775233,,True,0.902,idle,False,,edge,108,
1791177775503,,True,0.915,idle,False,,edge,84,
1791177775823,,True,0.916,idle,False,,edge,106,
1791177776109,,True,0.811,idle,False,,edge,83,
1791177776399,,True,0.842,idle,False,,edge,84,
1791177776722,,True,0.778,idle,False,,edge,105,
1791177777011,,False,,idle,False,,no_car,88,
1791177777308,,False,,idle,False,,no_car,89,
1791177777627,,False,,idle,False,,no_car,105,
1791177777908,,False,,idle,False,,no_car,87,
1791177778209,,True,0.9,idle,False,,edge,91,
1791177778524,,True,0.954,tracking,False,,tracking_start,102,
1791177778802,,True,0.87,tracking,False,,unstable,85,
1791177779121,,True,0.892,tracking,False,,unstable,104,
1791177779407,,True,0.873,tracking,False,,waiting_stable,85,
1791177779739,,True,0.889,tracking,False,,waiting_stable,109,
1791177780000,,True,0.891,tracking,False,,waiting_stable,82,
1791177780390,,True,0.89,analyzing,True,2,captured,118,
1791177780625,,True,0.861,analyzing,False,,analyzing,98,
1791177780913,,True,0.862,analyzing,False,,analyzing,89,
1791177781217,,True,0.88,analyzing,False,,analyzing,94,
1791177781505,,True,0.882,analyzing,False,,analyzing,87,
1791177781830,,True,0.835,analyzing,False,,analyzing,106,
1791177782115,,True,0.824,analyzing,False,,analyzing,85,
1791177782443,,False,,analyzing,False,,analyzing,122,
1791177782708,,False,,analyzing,False,,analyzing,90,
1791177783035,,False,,analyzing,False,,analyzing,111,
1791177783307,,False,,analyzing,False,,analyzing,86,
1791177783625,,False,,analyzing,False,,analyzing,103,
1791177783905,,False,,analyzing,False,,analyzing,87,
1791177784221,,False,,analyzing,False,,analyzing,103,
1791177784450,,,,analyzing,,2,vlm_done,,4048
1791177784541,,False,,locked,False,,locked,119,
1791177784797,,False,,locked,False,,locked,85,
1791177785117,,False,,idle,False,,locked,100,
1791177785415,,False,,idle,False,,no_car,90,
1791177785704,,False,,idle,False,,no_car,85,
1791177786030,,False,,idle,False,,no_car,108,
1791177786303,,False,,idle,False,,no_car,83,
1791177786636,,False,,idle,False,,no_car,115,
1791177786911,,False,,idle,False,,no_car,88,
1791177787230,,False,,idle,False,,no_car,107,
1791177787502,,False,,idle,False,,no_car,86,
1791177787836,,False,,idle,False,,no_car,120,
1791177788108,,False,,idle,False,,no_car,86,
1791177788430,,False,,idle,False,,no_car,106,
1791177788706,,False,,idle,False,,no_car,85,
1791177789015,,False,,idle,False,,no_car,90,
1791177789309,,False,,idle,False,,no_car,89,
1791177789606,,True,0.847,idle,False,,edge,90,
1791177789915,,True,0.817,tracking,False,,tracking_start,99,
1791177790208,,True,0.761,tracking,False,,edge,87,
1791177790551,,True,0.762,tracking,False,,edge,121,
1791177790805,,False,,tracking,False,,no_car,83,
1791177791113,,False,,tracking,False,,no_car,96,
1791177791424,,False,,tracking,False,,no_car,100,
1791177791708,,True,0.864,tracking,False,,edge,84,
1791177792007,,True,0.882,tracking,False,,edge,92,
1791177792307,,True,0.898,tracking,False,,edge,90,
1791177792615,,True,0.908,tracking,False,,edge,93,
1791177792908,,True,0.902,idle,False,,edge,89,
1791177793232,,False,,idle,False,,no_car,108,
1791177793498,,True,0.893,idle,False,,edge,84,
1791177793831,,True,0.873,idle,False,,edge,114,
1791177794110,,True,0.894,idle,False,,edge,85,
1791177794422,,False,,idle,False,,no_car,99,
1791177794707,,False,,idle,False,,no_car,85,
1791177795018,,True,0.885,idle,False,,edge,99,
1791177795307,,True,0.881,idle,False,,edge,85,
1791177795622,,False,,idle,False,,no_car,99,
1791177795907,,True,0.85,idle,False,,edge,90,
1791177796217,,True,0.8,idle,False,,edge,98,
1791177796512,,True,0.814,tracking,False,,tracking_start,88,
1791177796804,,True,0.873,tracking,False,,edge,89,
1791177797114,,True,0.859,tracking,False,,edge,97,
1791177797408,,True,0.922,tracking,False,,edge,87,
1791177797728,,True,0.846,tracking,False,,unstable,105,
1791177798022,,True,0.913,tracking,False,,unstable,92,
1791177798308,,True,0.883,tracking,False,,waiting_stable,87,
1791177798630,,True,0.885,tracking,False,,waiting_stable,106,
1791177798907,,True,0.892,tracking,False,,waiting_stable,87,
1791177799254,,True,0.891,analyzing,True,3,captured,117,
1791177799510,,True,0.897,analyzing,False,,analyzing,86,
1791177799819,,True,0.904,analyzing,False,,analyzing,98,
1791177800109,,True,0.902,analyzing,False,,analyzing,89,
1791177800405,,False,,analyzing,False,,analyzing,88,
1791177800716,,False,,analyzing,False,,analyzing,100,
1791177801013,,False,,analyzing,False,,analyzing,88,
1791177801304,,False,,analyzing,False,,analyzing,85,
1791177801609,,False,,analyzing,False,,analyzing,86,
1791177801911,,False,,analyzing,False,,analyzing,95,
1791177802232,,False,,analyzing,False,,analyzing,108,
1791177802506,,False,,analyzing,False,,analyzing,83,
1791177802805,,False,,analyzing,False,,analyzing,90,
1791177803117,,False,,analyzing,False,,analyzing,101,
1791177803403,,False,,analyzing,False,,analyzing,88,
1791177803731,,False,,analyzing,False,,analyzing,112,
1791177804002,,False,,analyzing,False,,analyzing,85,
1791177804321,,False,,analyzing,False,,analyzing,104,
1791177804604,,False,,analyzing,False,,analyzing,84,
1791177804928,,False,,analyzing,False,,analyzing,108,
1791177805212,,False,,analyzing,False,,analyzing,85,
1791177805504,,False,,analyzing,False,,analyzing,86,
1791177805827,,False,,analyzing,False,,analyzing,109,
1791177806108,,False,,analyzing,False,,analyzing,84,
1791177806430,,False,,analyzing,False,,analyzing,108,
1791177806708,,False,,analyzing,False,,analyzing,92,
1791177807023,,False,,analyzing,False,,analyzing,105,
1791177807306,,False,,analyzing,False,,analyzing,87,
1791177807608,,False,,analyzing,False,,analyzing,87,
1791177807910,,False,,analyzing,False,,analyzing,93,
1791177808203,,False,,analyzing,False,,analyzing,85,
1791177808540,,False,,analyzing,False,,analyzing,114,
1791177808798,,False,,analyzing,False,,analyzing,84,
1791177809129,,False,,analyzing,False,,analyzing,111,
1791177809400,,False,,analyzing,False,,analyzing,83,
1791177809734,,False,,analyzing,False,,analyzing,113,
1791177809997,,False,,analyzing,False,,analyzing,84,
1791177810334,,False,,analyzing,False,,analyzing,117,
1791177810608,,False,,analyzing,False,,analyzing,87,
1791177810915,,False,,analyzing,False,,analyzing,96,
1791177811203,,False,,analyzing,False,,analyzing,85,
1791177811516,,False,,analyzing,False,,analyzing,102,
1791177811810,,False,,analyzing,False,,analyzing,89,
1791177812121,,False,,analyzing,False,,analyzing,102,
1791177812413,,False,,analyzing,False,,analyzing,90,
1791177812705,,False,,analyzing,False,,analyzing,85,
1791177813026,,False,,analyzing,False,,analyzing,108,
1791177813307,,False,,analyzing,False,,analyzing,87,
1791177813600,,False,,analyzing,False,,analyzing,85,
1791177813927,,False,,analyzing,False,,analyzing,112,
1791177814209,,False,,analyzing,False,,analyzing,89,
1791177814529,,False,,analyzing,False,,analyzing,106,
1791177814814,,False,,analyzing,False,,analyzing,90,
1791177815109,,False,,analyzing,False,,analyzing,88,
1791177815414,,False,,analyzing,False,,analyzing,94,
1791177815690,,,,analyzing,,3,vlm_done,,16397
1791177815732,,False,,idle,False,,locked,113,
1791177816006,,False,,idle,False,,no_car,86,
1791177816313,,False,,idle,False,,no_car,96,
1791177816603,,False,,idle,False,,no_car,85,
1791177816936,,False,,idle,False,,no_car,111,
1791177817200,,False,,idle,False,,no_car,83,
1791177817529,,False,,idle,False,,no_car,112,
1791177817800,,False,,idle,False,,no_car,84,
1791177818131,,False,,idle,False,,no_car,111,
1791177818408,,False,,idle,False,,no_car,86,
1791177818756,,False,,idle,False,,no_car,116,
1791177819008,,False,,idle,False,,no_car,85,
1791177819358,,False,,idle,False,,no_car,121,
1791177819604,,False,,idle,False,,no_car,85,
1791177819912,,False,,idle,False,,no_car,96,
1791177820207,,False,,idle,False,,no_car,87,
1791177820525,,False,,idle,False,,no_car,103,
1791177820796,,False,,idle,False,,no_car,84,
1791177821125,,False,,idle,False,,no_car,107,
1791177821405,,False,,idle,False,,no_car,86,
1791177821747,,False,,idle,False,,no_car,127,
1791177822005,,False,,idle,False,,no_car,84,
1791177822354,,False,,idle,False,,no_car,117,
1791178097249,,,,idle,False,,dropped,,
1791178097548,,,,idle,False,,dropped,,
1791178097848,,,,idle,False,,dropped,,
1791178098146,,,,idle,False,,dropped,,
1791178098418,,,,idle,False,,dropped,,
1791178098730,,,,idle,False,,dropped,,
1791178099038,,,,idle,False,,dropped,,
1791178099338,,,,idle,False,,dropped,,
1791178099629,,,,idle,False,,dropped,,
1791178099937,,,,idle,False,,dropped,,
1791178100248,,,,idle,False,,dropped,,
1791178100519,,,,idle,False,,dropped,,
1791178100848,,,,idle,False,,dropped,,
1791178101133,,,,idle,False,,dropped,,
1791178101388,,False,,idle,False,,no_car,4413,
1791178101540,,False,,idle,False,,no_car,98,
1791178101809,,False,,idle,False,,no_car,85,
1791178102135,,False,,idle,False,,no_car,110,
1791178102431,,True,0.871,idle,False,,edge,108,
1791178102710,,True,0.852,idle,False,,edge,88,
1791178103035,,True,0.805,idle,False,,edge,108,
1791178103326,,True,0.861,idle,False,,edge,96,
1791178103618,,True,0.852,idle,False,,edge,90,
1791178103914,,True,0.764,idle,False,,edge,90,
1791178104209,,True,0.807,idle,False,,edge,88,
1791178104513,,True,0.809,tracking,False,,tracking_start,95,
1791178104822,,True,0.803,tracking,False,,waiting_stable,99,
1791178105101,,True,0.873,tracking,False,,edge,84,
1791178105434,,False,,tracking,False,,no_car,113,
1791178105761,,True,0.865,tracking,False,,unstable,139,
1791178106035,,True,0.892,tracking,False,,edge,107,
1791178106325,,True,0.887,tracking,False,,unstable,89,
1791178106611,,True,0.904,tracking,False,,waiting_stable,86,
1791178106907,,True,0.906,tracking,False,,edge,90,
1791178107215,,True,0.884,tracking,False,,unstable,93,
1791178107528,,True,0.874,tracking,False,,waiting_stable,107,
1791178107807,,True,0.858,tracking,False,,edge,85,
1791178108102,,True,0.899,tracking,False,,unstable,85,
1791178108423,,True,0.879,tracking,False,,waiting_stable,101,
1791178108740,,True,0.874,tracking,False,,edge,114,
1791178109023,,True,0.85,tracking,False,,edge,100,
1791178109308,,True,0.869,tracking,False,,edge,86,
1791178109629,,True,0.766,tracking,False,,unstable,101,
1791178109916,,True,0.891,tracking,False,,unstable,91,
1791178110209,,True,0.892,tracking,False,,unstable,86,
1791178110536,,True,0.913,tracking,False,,waiting_stable,117,
1791178110811,,True,0.913,tracking,False,,waiting_stable,84,
1791178111114,,True,0.869,tracking,False,,waiting_stable,97,
1791178111452,,True,0.877,analyzing,True,1,captured,86,
1791178111740,,True,0.864,analyzing,False,,analyzing,112,
1791178112031,,True,0.888,analyzing,False,,analyzing,102,
1791178112317,,True,0.881,analyzing,False,,analyzing,86,
1791178112610,,True,0.872,analyzing,False,,analyzing,88,
1791178112924,,False,,analyzing,False,,analyzing,105,
1791178113215,,False,,analyzing,False,,analyzing,87,
1791178113509,,False,,analyzing,False,,analyzing,88,
1791178113833,,False,,analyzing,False,,analyzing,106,
1791178114111,,False,,analyzing,False,,analyzing,91,
1791178114421,,False,,analyzing,False,,analyzing,93,
1791178114723,,False,,analyzing,False,,analyzing,98,
1791178114791,,,,analyzing,,1,vlm_done,,3334
1791178115052,,False,,locked,False,,locked,125,
1791178115307,,False,,locked,False,,locked,84,
1791178115638,,False,,idle,False,,locked,117,
1791178115907,,False,,idle,False,,no_car,82,
1791178116225,,False,,idle,False,,no_car,101,
1791178116514,,False,,idle,False,,no_car,89,
1791178116814,,False,,idle,False,,no_car,92,
1791178117118,,False,,idle,False,,no_car,92,
1791178117410,,False,,idle,False,,no_car,86,
1791178117718,,False,,idle,False,,no_car,100,
1791178118041,,False,,idle,False,,no_car,114,
1791178118373,,False,,idle,False,,no_car,145,
1791178118615,,False,,idle,False,,no_car,91,
1791178118921,,False,,idle,False,,no_car,94,
1791178119216,,False,,idle,False,,no_car,88,
1791178119524,,False,,idle,False,,no_car,100,
1791178119808,,False,,idle,False,,no_car,85,
1791178120113,,False,,idle,False,,no_car,95,
1791178120404,,False,,idle,False,,no_car,84,
1791178120721,,True,0.906,idle,False,,edge,99,
1791178121008,,False,,idle,False,,no_car,86,
1791178121312,,True,0.867,tracking,False,,tracking_start,94,
1791178121627,,True,0.83,tracking,False,,waiting_stable,108,
1791178121922,,True,0.86,tracking,False,,waiting_stable,90,
1791178122214,,False,,tracking,False,,no_car,91,
1791178122517,,False,,tracking,False,,no_car,92,
1791178122816,,False,,tracking,False,,no_car,89,
1791178123131,,False,,tracking,False,,no_car,108,
1791178123407,,True,0.892,tracking,False,,unstable,82,
1791178123709,,False,,tracking,False,,no_car,92,
1791178124021,,True,0.864,tracking,False,,unstable,98,
1791178124316,,False,,tracking,False,,no_car,93,
1791178124623,,False,,tracking,False,,no_car,99,
1791178124932,,True,0.906,tracking,False,,unstable,108,
1791178125209,,True,0.901,tracking,False,,waiting_stable,83,
1791178125531,,False,,tracking,False,,no_car,100,
1791178125813,,False,,tracking,False,,no_car,89,
1791178126120,,False,,tracking,False,,no_car,103,
1791178126413,,True,0.899,tracking,False,,unstable,85,
1791178126710,,True,0.901,tracking,False,,waiting_stable,88,
1791178127017,,True,0.868,tracking,False,,waiting_stable,94,
1791178127301,,True,0.873,tracking,False,,unstable,84,
1791178127641,,True,0.869,tracking,False,,waiting_stable,120,
1791178127924,,True,0.847,tracking,False,,waiting_stable,86,
1791178128207,,True,0.887,tracking,False,,waiting_stable,86,
1791178128517,,True,0.885,analyzing,True,2,captured,94,
1791178128824,,True,0.898,analyzing,False,,analyzing,101,
1791178129121,,True,0.899,analyzing,False,,analyzing,104,
1791178129405,,False,,analyzing,False,,analyzing,85,
1791178129715,,False,,analyzing,False,,analyzing,97,
1791178130026,,False,,analyzing,False,,analyzing,100,
1791178130333,,False,,analyzing,False,,analyzing,98,
1791178130617,,False,,analyzing,False,,analyzing,100,
1791178130909,,False,,analyzing,False,,analyzing,86,
1791178131212,,False,,analyzing,False,,analyzing,93,
1791178131503,,False,,analyzing,False,,analyzing,85,
1791178131817,,False,,analyzing,False,,analyzing,99,
1791178132128,,False,,analyzing,False,,analyzing,107,
1791178132403,,,,analyzing,,2,vlm_done,,3840
1791178132443,,False,,idle,False,,locked,117,
1791178132760,,False,,idle,False,,no_car,134,
1791178133005,,False,,idle,False,,no_car,84,
1791178133338,,False,,idle,False,,no_car,113,
1791178133616,,False,,idle,False,,no_car,89,
1791178133908,,False,,idle,False,,no_car,85,
1791178134248,,False,,idle,False,,no_car,123,
1791178134506,,False,,idle,False,,no_car,85,
1791178134811,,False,,idle,False,,no_car,94,
1791178135116,,False,,idle,False,,no_car,94,
1791178135398,,False,,idle,False,,no_car,82,
1791178135743,,False,,idle,False,,no_car,125,
1791178136008,,False,,idle,False,,no_car,84,
1791178136299,,False,,idle,False,,no_car,84,
1791178136608,,False,,idle,False,,no_car,84,
1791178136922,,False,,idle,False,,no_car,96,
1791178137229,,False,,idle,False,,no_car,100,
1791178137511,,False,,idle,False,,no_car,84,
1791178137828,,False,,idle,False,,no_car,104,
1791178138111,,False,,idle,False,,no_car,84,
1791178138409,,False,,idle,False,,no_car,84,
1791178138726,,False,,idle,False,,no_car,106,
1791178139006,,False,,idle,False,,no_car,83,
1791178139300,,False,,idle,False,,no_car,82,
1791178139634,,False,,idle,False,,no_car,109,
1791178139906,,True,0.774,tracking,False,,tracking_start,85,
1791178140227,,True,0.763,tracking,False,,waiting_stable,111,
1791178140509,,False,,tracking,False,,no_car,85,
1791178140814,,False,,tracking,False,,no_car,88,
1791178141109,,False,,tracking,False,,no_car,87,
1791178141419,,False,,tracking,False,,no_car,95,
1791178141710,,False,,tracking,False,,no_car,90,
1791178142046,,False,,tracking,False,,no_car,108,
1791178142322,,False,,tracking,False,,no_car,102,
1791178142608,,False,,tracking,False,,no_car,83,
1791178142922,,False,,tracking,False,,no_car,103,
1791178143213,,True,0.832,tracking,False,,unstable,87,
1791178143514,,True,0.786,tracking,False,,unstable,91,
1791178143822,,True,0.789,tracking,False,,unstable,104,
1791178144110,,True,0.834,tracking,False,,waiting_stable,85,
1791178144412,,True,0.855,tracking,False,,waiting_stable,91,
1791178144762,,True,0.853,tracking,False,,waiting_stable,128,
1791178145017,,True,0.842,analyzing,True,3,captured,88,
1791178145341,,True,0.801,analyzing,False,,analyzing,120,
1791178145604,,True,0.823,analyzing,False,,analyzing,85,
1791178145925,,False,,analyzing,False,,analyzing,103,
1791178146198,,False,,analyzing,False,,analyzing,83,
1791178146530,,False,,analyzing,False,,analyzing,109,
1791178146818,,False,,analyzing,False,,analyzing,98,
1791178147106,,False,,analyzing,False,,analyzing,86,
1791178147404,,False,,analyzing,False,,analyzing,90,
1791178147759,,,,analyzing,,3,vlm_done,,2702
1791178147761,,False,,analyzing,False,,analyzing,133,
1791178148016,,False,,locked,False,,locked,86,
1791178148324,,False,,locked,False,,locked,106,
1791178148609,,False,,idle,False,,locked,84,
1791178148927,,False,,idle,False,,no_car,102,
1791178149207,,False,,idle,False,,no_car,85,
1791178149533,,False,,idle,False,,no_car,108,
1791178149825,,False,,idle,False,,no_car,102,
1791178150109,,False,,idle,False,,no_car,83,
1791178150414,,False,,idle,False,,no_car,95,
1791178150709,,False,,idle,False,,no_car,88,
1791178151010,,False,,idle,False,,no_car,87,
1791178151340,,False,,idle,False,,no_car,116,
1791178151611,,False,,idle,False,,no_car,83,
1791178151912,,False,,idle,False,,no_car,94,
1791178152202,,False,,idle,False,,no_car,84,
1791178152535,,False,,idle,False,,no_car,109,
1791178152837,,False,,idle,False,,no_car,109,
1791178153108,,False,,idle,False,,no_car,85,
1791178153421,,False,,idle,False,,no_car,105,
1791178153709,,False,,idle,False,,no_car,89,
1791178154012,,False,,idle,False,,no_car,94,
1791178154350,,False,,idle,False,,no_car,126,
1791178154609,,False,,idle,False,,no_car,86,
1791178154924,,False,,idle,False,,no_car,96,
1791178155209,,False,,idle,False,,no_car,87,
1791178155520,,False,,idle,False,,no_car,101,
1791178155825,,False,,idle,False,,no_car,101,
1791178156111,,False,,idle,False,,no_car,86,
1791178156411,,False,,idle,False,,no_car,92,
1791178156724,,False,,idle,False,,no_car,99,
1791178157009,,False,,idle,False,,no_car,86,
1791178157341,,False,,idle,False,,no_car,115,
1791178157604,,False,,idle,False,,no_car,82,
1791178157949,,True,0.803,tracking,False,,tracking_start,126,
1791178158271,,True,0.851,tracking,False,,unstable,119,
1791178158510,,True,0.874,tracking,False,,waiting_stable,87,
1791178158807,,True,0.87,tracking,False,,waiting_stable,86,
1791178159127,,True,0.872,tracking,False,,waiting_stable,107,
1791178159417,,True,0.886,analyzing,True,4,captured,87,
1791178159715,,True,0.858,analyzing,False,,analyzing,90,
1791178160031,,True,0.848,analyzing,False,,analyzing,109,
1791178160307,,True,0.823,analyzing,False,,analyzing,84,
1791178160617,,False,,analyzing,False,,analyzing,95,
1791178160908,,False,,analyzing,False,,analyzing,87,
1791178161267,,,,analyzing,,4,vlm_done,,1741
1791178161316,,False,,locked,False,,locked,197,
1791178161534,,False,,locked,False,,locked,113,
1791178161801,,False,,locked,False,,locked,83,
1791178162113,,False,,locked,False,,locked,97,
1791178162415,,False,,locked,False,,locked,93,
1791178162710,,False,,locked,False,,locked,90,
1791178163048,,False,,locked,False,,locked,125,
1791178163301,,False,,idle,False,,locked,84,
1791178163637,,False,,idle,False,,no_car,111,
1791178163912,,False,,idle,False,,no_car,91,
1791178164213,,False,,idle,False,,no_car,87,
1791178164538,,False,,idle,False,,no_car,112,
1791178164807,,False,,idle,False,,no_car,84,
1791178165119,,False,,idle,False,,no_car,101,
1791178165402,,False,,idle,False,,no_car,86,
1791178165700,,False,,idle,False,,no_car,85,
1791178166045,,False,,idle,False,,no_car,122,
1791178166302,,False,,idle,False,,no_car,82,
1791178166614,,False,,idle,False,,no_car,89,
1791178166912,,False,,idle,False,,no_car,87,
1791178167221,,False,,idle,False,,no_car,94,
1791178167511,,False,,idle,False,,no_car,91,
1791178167828,,False,,idle,False,,no_car,103,
1791178168108,,False,,idle,False,,no_car,84,
1791178168431,,True,0.903,tracking,False,,tracking_start,108,
1791178168704,,True,0.899,tracking,False,,unstable,83,
1791178169055,,True,0.907,tracking,False,,waiting_stable,131,
1791178169301,,True,0.906,tracking,False,,waiting_stable,82,
1791178169615,,True,0.894,tracking,False,,waiting_stable,97,
1791178169912,,True,0.905,analyzing,True,5,captured,86,
1791178170227,,True,0.877,analyzing,False,,analyzing,103,
1791178170514,,True,0.893,analyzing,False,,analyzing,93,
1791178170801,,True,0.893,analyzing,False,,analyzing,85,
1791178171134,,False,,analyzing,False,,analyzing,118,
1791178171404,,False,,analyzing,False,,analyzing,83,
1791178171729,,False,,analyzing,False,,analyzing,104,
1791178172006,,False,,analyzing,False,,analyzing,87,
1791178172028,,,,analyzing,,5,vlm_done,,2080
1791178172300,,False,,locked,False,,locked,83,
1791178172639,,False,,locked,False,,locked,119,
1791178172917,,False,,locked,False,,locked,92,
1791178173207,,False,,locked,False,,locked,84,
1791178173522,,False,,locked,False,,locked,100,
1791178173821,,False,,idle,False,,locked,96,
1791178174126,,False,,idle,False,,no_car,102,
1791178174405,,False,,idle,False,,no_car,85,
1791178174727,,False,,idle,False,,no_car,102,
1791178175000,,False,,idle,False,,no_car,84,
1791178175314,,False,,idle,False,,no_car,98,
1791178175645,,True,0.797,idle,False,,edge,129,
1791178175908,,False,,idle,False,,no_car,89,
1791178176225,,False,,idle,False,,no_car,103,
1791178176510,,False,,idle,False,,no_car,86,
1791178176810,,False,,idle,False,,no_car,87,
1791178177128,,False,,idle,False,,no_car,107,
1791178177408,,False,,idle,False,,no_car,86,
1791178177711,,False,,idle,False,,no_car,88,
1791178178015,,False,,idle,False,,no_car,96,
1791178178309,,False,,idle,False,,no_car,89,
1791178178623,,False,,idle,False,,no_car,105,
1791178178909,,False,,idle,False,,no_car,86,
1791178179213,,False,,idle,False,,no_car,95,
1791178179506,,False,,idle,False,,no_car,86,
1791178179808,,False,,idle,False,,no_car,86,
1791178180130,,False,,idle,False,,no_car,112,
1791178180407,,True,0.921,tracking,False,,tracking_start,85,
1791178180714,,True,0.904,tracking,False,,unstable,94,
1791178181012,,True,0.954,tracking,False,,waiting_stable,90,
1791178181304,,True,0.96,tracking,False,,waiting_stable,84,
1791178181605,,True,0.913,tracking,False,,waiting_stable,86,
1791178181937,,True,0.918,analyzing,True,6,captured,108,
1791178182235,,True,0.921,analyzing,False,,analyzing,114,
1791178182508,,True,0.917,analyzing,False,,analyzing,84,
1791178182840,,False,,analyzing,False,,analyzing,113,
1791178183102,,False,,analyzing,False,,analyzing,83,
1791178183412,,False,,analyzing,False,,analyzing,97,
1791178183735,,False,,analyzing,False,,analyzing,111,
1791178184006,,False,,analyzing,False,,analyzing,84,
1791178184310,,False,,analyzing,False,,analyzing,89,
1791178184600,,False,,analyzing,False,,analyzing,83,
1791178184930,,False,,analyzing,False,,analyzing,105,
1791178185049,,,,analyzing,,6,vlm_done,,3062
1791178185226,,False,,locked,False,,locked,106,
1791178185506,,False,,idle,False,,locked,86,
1791178185827,,False,,idle,False,,no_car,102,
1791178186105,,False,,idle,False,,no_car,86,
1791178186405,,False,,idle,False,,no_car,87,
1791178186834,,False,,idle,False,,no_car,210,
1791178187008,,False,,idle,False,,no_car,87,
1791178187313,,False,,idle,False,,no_car,90,
1791178187619,,True,0.783,idle,False,,edge,97,
1791178187904,,False,,idle,False,,no_car,84,
1791178188245,,False,,idle,False,,no_car,121,
1791178188504,,False,,idle,False,,no_car,83,
1791178188835,,True,0.878,tracking,False,,tracking_start,110,
1791178189105,,False,,tracking,False,,no_car,83,
1791178189409,,True,0.862,tracking,False,,unstable,93,
1791178189743,,True,0.864,tracking,False,,waiting_stable,121,
1791178190010,,True,0.879,tracking,False,,waiting_stable,84,
1791178190327,,True,0.858,tracking,False,,waiting_stable,108,
1791178190613,,True,0.859,analyzing,True,7,captured,84,
1791178190907,,True,0.872,analyzing,False,,analyzing,89,
1791178191207,,True,0.887,analyzing,False,,analyzing,88,
1791178191508,,True,0.869,analyzing,False,,analyzing,86,
1791178191860,,False,,analyzing,False,,analyzing,131,
1791178192101,,False,,analyzing,False,,analyzing,85,
1791178192424,,False,,analyzing,False,,analyzing,99,
1791178192710,,False,,analyzing,False,,analyzing,89,
1791178193005,,False,,analyzing,False,,analyzing,89,
1791178193116,,,,analyzing,,7,vlm_done,,2470
1791178193335,,False,,locked,False,,locked,109,
1791178193611,,False,,locked,False,,locked,85,
1791178193912,,False,,locked,False,,locked,88,
1791178194211,,False,,locked,False,,locked,89,
1791178194516,,False,,idle,False,,locked,93,
1791178194820,,False,,idle,False,,no_car,103,
1791178195114,,False,,idle,False,,no_car,87,
1791178195426,,False,,idle,False,,no_car,101,
1791178195704,,False,,idle,False,,no_car,88,
1791178235849,,False,,idle,False,,no_car,88,
1791178236139,,True,0.763,idle,False,,edge,87,
1791178236457,,False,,idle,False,,no_car,105,
1791178236736,,False,,idle,False,,no_car,83,
1791178237064,,True,0.851,idle,False,,edge,108,
1791178237340,,True,0.858,idle,False,,edge,84,
1791178237653,,True,0.897,idle,False,,edge,100,
1791178237931,,True,0.891,idle,False,,edge,84,
1791178238244,,True,0.9,idle,False,,edge,96,
1791178238550,,True,0.912,tracking,False,,tracking_start,100,
1791178238838,,True,0.905,tracking,False,,edge,84,
1791178239164,,True,0.886,tracking,False,,edge,109,
1791178239437,,True,0.885,tracking,False,,unstable,83,
1791178239753,,True,0.872,tracking,False,,waiting_stable,103,
1791178240039,,True,0.864,tracking,False,,edge,86,
1791178240342,,True,0.862,tracking,False,,edge,91,
1791178240657,,True,0.868,tracking,False,,edge,101,
1791178240940,,True,0.91,tracking,False,,unstable,86,
1791178241260,,True,0.897,tracking,False,,waiting_stable,104,
1791178241538,,True,0.889,tracking,False,,waiting_stable,88,
1791178241864,,True,0.895,tracking,False,,waiting_stable,107,
1791178242145,,True,0.897,analyzing,True,8,captured,87,
1791178242451,,True,0.906,analyzing,False,,analyzing,101,
1791178242739,,True,0.902,analyzing,False,,analyzing,85,
1791178243066,,True,0.886,analyzing,False,,analyzing,110,
1791178243336,,True,0.872,analyzing,False,,analyzing,83,
1791178243650,,True,0.766,analyzing,False,,analyzing,101,
1791178243943,,True,0.805,analyzing,False,,analyzing,91,
1791178244241,,True,0.799,analyzing,False,,analyzing,90,
1791178244559,,False,,analyzing,False,,analyzing,108,
1791178244627,,,,analyzing,,8,vlm_done,,2448
1791178244839,,False,,locked,False,,locked,88,
1791178245158,,False,,locked,False,,locked,103,
1791178245438,,False,,locked,False,,locked,83,
1791178245761,,False,,locked,False,,locked,106,
1791178246037,,False,,locked,False,,locked,85,
1791178246362,,False,,idle,False,,locked,108,
1791178246635,,False,,idle,False,,no_car,84,
1791178246978,,False,,idle,False,,no_car,122,
1791178247244,,False,,idle,False,,no_car,84,
1791178247555,,False,,idle,False,,no_car,100,
1791178247840,,False,,idle,False,,no_car,86,
1791178248138,,False,,idle,False,,no_car,89,
1791178248448,,False,,idle,False,,no_car,99,
1791178248742,,False,,idle,False,,no_car,90,
1791178249058,,False,,idle,False,,no_car,104,
1791178249333,,False,,idle,False,,no_car,84,
1791178249652,,True,0.788,idle,False,,edge,103,
1791178249942,,True,0.832,idle,False,,edge,86,
